Project,Class,wmc,dit,noc,cbo,rfc,lcom,ca,ce,npm,lcom3,loc,dam,moa,mfa,cam,ic,cbm,amc,max.cc.,avg.cc.,bugs,defective
xalan,org.apache.xalan.xsltc.compiler.SecuritySupport,11,1,1,2,20,53,2,1,0,0.9,90,1.0,0,0.0,0.4,0,0,7.090909,2,0.90909094,0,False
xalan,org.apache.xalan.client.XSLTProcessorApplet,29,5,0,2,83,298,1,2,21,0.8792517,801,0.9047619,1,0.94214875,0.3448276,3,5,25.896551,10,1.5172414,1,True
xalan,org.apache.xalan.xslt.SecuritySupport12$1,2,1,0,1,5,1,1,1,1,1.0,18,0.0,1,0.0,0.75,0,0,7.5,1,0.5,0,False
xalan,org.apache.xalan.extensions.SecuritySupport12$2,2,1,0,1,4,1,1,1,1,1.0,17,0.0,1,0.0,0.75,0,0,7.0,1,0.5,0,False
xalan,org.apache.xalan.processor.XSLTElementProcessor,15,3,11,21,50,101,16,7,10,0.8214286,294,1.0,2,0.93333334,0.34814814,0,0,18.466667,1,0.93333334,1,True
xalan,org.apache.xalan.processor.ProcessorTemplateElem,4,4,7,13,24,6,8,5,3,2.0,96,0.0,0,0.9859155,0.55,1,2,23.0,1,0.75,1,True
xalan,org.apache.xml.dtm.ref.SecuritySupport12$4,2,1,0,1,4,0,1,1,1,0.5,17,0.0,1,0.0,0.6666667,0,0,6.5,1,0.5,0,False
xalan,org.apache.xml.serializer.ToStream$WritertoStringBuffer,6,2,0,1,10,3,1,1,5,0.7,40,0.5,1,0.7222222,0.33333334,1,2,5.3333335,1,0.8333333,0,False
xalan,org.apache.xml.dtm.ObjectFactory,12,1,0,3,44,64,1,2,0,0.9818182,586,1.0,0,0.0,0.3181818,0,0,47.416668,8,1.8333334,0,False
xalan,org.apache.xalan.xsltc.trax.TransformerImpl,35,2,0,26,164,329,4,23,19,0.89705884,1673,1.0,7,0.2826087,0.13571429,0,0,46.17143,20,2.8285713,2,True
xalan,org.apache.xml.serializer.ObjectFactory,12,1,0,5,44,64,3,2,0,0.9818182,586,1.0,0,0.0,0.3181818,0,0,47.416668,8,1.8333334,0,False
xalan,org.apache.xml.serializer.SecuritySupport12$7,2,1,0,1,5,0,1,1,1,0.5,20,0.0,1,0.0,0.6666667,0,0,8.0,1,0.5,0,False
xalan,org.apache.xalan.xsltc.compiler.FunctionAvailableCall,7,4,0,19,38,7,0,19,5,0.45833334,272,1.0,1,0.9411765,0.2857143,3,13,37.285713,12,3.2857144,0,False
xalan,org.apache.xalan.xsltc.compiler.Predicate,23,3,0,57,107,69,4,55,22,0.80454546,948,0.9,4,0.76344085,0.20496894,2,8,39.782608,10,2.826087,1,True
xalan,org.apache.xml.dtm.ref.sax2dtm.SAX2DTM2$DescendantIterator,5,3,1,7,15,0,2,5,4,0.0,179,0.0,1,0.7894737,0.53333336,2,6,34.6,14,4.4,0,False
xalan,org.apache.xalan.templates.TemplateList$TemplateWalker,3,1,0,4,16,1,1,4,1,0.0,121,0.8,2,0.0,0.6666667,0,0,37.666668,8,2.6666667,0,False
xalan,org.apache.xalan.lib.sql.SecuritySupport,11,1,1,2,20,53,2,1,0,0.9,90,1.0,0,0.0,0.4,0,0,7.090909,2,0.90909094,0,False
xalan,org.apache.xalan.xsltc.runtime.ErrorMessages_pt_BR,3,3,0,0,4,1,0,0,2,0.5,234,1.0,0,0.974359,1.0,0,0,76.666664,1,0.33333334,1,True
xalan,org.apache.xml.utils.Hashtree2Node,2,1,0,1,23,1,1,0,2,2.0,145,0.0,0,0.0,0.5,0,0,71.5,8,4.0,0,False
xalan,org.apache.xml.utils.StringComparable,8,1,0,1,23,10,1,0,4,0.76785713,390,0.625,0,0.0,0.375,0,0,46.75,19,4.875,0,False
xalan,org.apache.xml.utils.Trie$Node,1,1,0,1,2,0,1,1,0,2.0,17,0.0,2,0.0,1.0,0,0,13.0,0,0.0,0,False
xalan,org.apache.xpath.functions.FuncExtFunction,13,3,0,22,31,16,12,12,12,0.7916667,210,0.0,0,0.76,0.20512821,2,9,14.846154,3,1.3846154,2,True
xalan,org.apache.xalan.xsltc.dom.SAXImpl$NamespaceWildcardIterator,7,3,0,5,22,0,1,5,7,0.5,113,0.6666667,2,0.71428573,0.47619048,1,5,14.714286,3,1.2857143,0,False
xalan,org.apache.xml.res.XMLErrorResources_pl,5,3,0,1,16,8,0,1,3,1.2435898,1171,0.0,0,0.9268293,0.33333334,0,0,217.6,2,0.8,1,True
xalan,org.apache.xalan.extensions.ExtensionHandlerExsltFunction,9,2,0,16,32,28,0,16,7,0.625,228,1.0,2,0.46153846,0.325,1,1,24.0,8,2.2222223,1,True
xalan,org.apache.xml.dtm.ref.SecuritySupport,11,1,1,2,20,53,2,1,0,0.9,90,1.0,0,0.0,0.4,0,0,7.090909,2,0.90909094,0,False
xalan,org.apache.xalan.xsltc.compiler.CopyOf,5,3,0,25,32,0,2,23,4,0.25,269,1.0,1,0.93333334,0.33333334,1,4,52.6,5,1.8,0,False
xalan,org.apache.xalan.xsltc.dom.MultiDOM$AxisIterator,11,2,0,5,25,0,1,5,11,0.66,186,0.8,2,0.5652174,0.3409091,1,7,15.454545,6,2.090909,0,False
xalan,org.apache.xml.res.XMLErrorResources_zh_CN,5,3,0,1,16,8,0,1,3,1.2435898,1171,0.0,0,0.9268293,0.33333334,0,0,217.6,2,0.8,1,True
xalan,org.apache.xpath.res.XPATHErrorResources_de,5,3,0,1,16,8,0,1,3,1.2462963,2125,0.0,0,0.9268293,0.33333334,0,0,397.0,2,0.8,2,True
xalan,org.apache.xalan.xslt.Process,7,1,0,10,109,21,0,10,2,2.0,2028,0.0,0,0.0,0.2,0,0,288.7143,138,20.428572,2,True
xalan,org.apache.xpath.res.XPATHErrorResources_sk,5,3,0,1,16,8,0,1,3,1.2462963,2125,0.0,0,0.9268293,0.33333334,0,0,397.0,2,0.8,2,True
xalan,org.apache.xalan.transformer.KeyTable$1,2,5,0,3,3,1,1,3,1,1.0,11,0.0,1,0.99270076,0.6,1,1,4.0,1,0.5,0,False
xalan,org.apache.xalan.xsltc.runtime.SecuritySupport12$3,2,1,0,1,4,0,1,1,1,0.5,29,0.0,1,0.0,0.6666667,0,0,12.5,2,1.0,0,False
xalan,org.apache.xalan.xsltc.dom.SAXImpl$NodeValueIterator,9,3,0,5,26,0,1,5,9,0.7083333,149,0.8333333,2,0.65217394,0.2962963,1,6,14.888889,3,1.2222222,0,False
xalan,org.apache.xalan.xsltc.compiler.util.ObjectFactory,12,1,0,3,44,64,1,2,0,0.9818182,586,1.0,0,0.0,0.3181818,0,0,47.416668,8,1.8333334,0,False
xalan,org.apache.xml.dtm.ref.sax2dtm.SAX2DTM2$TypedSingletonIterator,2,4,0,4,7,0,1,3,2,0.0,59,0.5,1,0.94736844,0.6666667,3,4,27.5,5,2.5,0,False
xalan,org.apache.xalan.templates.ElemUnknown,5,5,0,5,15,8,0,5,3,2.0,81,0.0,0,0.9835391,0.7,2,3,15.2,3,1.2,2,True
xalan,org.apache.xalan.xsltc.trax.SmartTransformerFactoryImpl,21,3,0,3,45,0,0,3,19,0.5,476,1.0,0,0.5,0.22023809,1,2,21.428572,3,1.0476191,1,True
xalan,org.apache.xalan.templates.ElemApplyTemplates,9,5,0,23,82,20,2,22,9,0.6875,593,1.0,1,0.96581197,0.31111112,5,10,64.666664,1,0.8888889,2,True
xalan,org.apache.xalan.xsltc.compiler.Key,6,3,0,37,56,0,1,36,5,0.55,586,1.0,4,0.9230769,0.3611111,2,5,96.0,5,1.6666666,2,True
xalan,org.apache.xalan.xsltc.trax.SecuritySupport12$6,2,1,0,1,5,0,1,1,1,0.33333334,33,0.0,1,0.0,0.625,0,0,14.0,2,1.0,0,False
xalan,org.apache.xalan.xsltc.compiler.CastExpr,9,3,0,57,49,0,34,24,8,0.5833333,546,1.0,2,0.9102564,0.3125,2,8,59.333332,5,1.3333334,1,True
xalan,org.apache.xalan.xsltc.compiler.util.ErrorMessages_de,3,3,0,0,4,1,0,0,2,0.5,1248,1.0,0,0.974359,1.0,0,0,414.66666,1,0.33333334,1,True
xalan,org.apache.xml.serializer.AttributesImplSerializer,6,2,0,6,20,0,6,0,5,0.8,124,0.6666667,0,0.82758623,0.41666666,1,2,19.166666,3,2.0,1,True
xalan,org.apache.xml.dtm.ref.sax2dtm.SAX2DTM2$AttributeIterator,3,3,0,5,11,0,1,4,3,0.0,58,0.0,1,0.88235295,0.5555556,2,4,18.0,3,1.6666666,0,False
xalan,org.apache.xalan.xsltc.runtime.ErrorMessages_sk,3,3,0,0,4,1,0,0,2,0.5,234,1.0,0,0.974359,1.0,0,0,76.666664,1,0.33333334,1,True
xalan,org.apache.xpath.compiler.SecuritySupport12$3,2,1,0,1,4,0,1,1,1,0.5,29,0.0,1,0.0,0.6666667,0,0,12.5,2,1.0,0,False
xalan,org.apache.xalan.xsltc.compiler.Copy,5,3,0,29,45,4,1,29,4,0.5,267,1.0,1,0.93333334,0.33333334,1,6,52.2,4,1.8,0,False
xalan,org.apache.xml.dtm.ref.ObjectFactory,12,1,0,3,44,64,1,2,0,0.9818182,586,1.0,0,0.0,0.3181818,0,0,47.416668,8,1.8333334,0,False
xalan,org.apache.xml.dtm.ref.sax2dtm.SAX2DTM2$PrecedingIterator,8,3,1,8,20,0,2,6,8,0.76785713,242,0.875,1,0.6818182,0.41666666,2,7,28.25,7,1.875,0,False
xalan,org.apache.xml.dtm.ref.DTMDefaultBaseIterators$TypedSingletonIterator,2,4,0,2,6,0,1,2,2,0.0,48,0.5,1,0.94736844,0.6666667,3,4,22.0,4,2.0,0,False
xalan,org.apache.xalan.xsltc.runtime.BasisLibrary$1,3,1,0,1,4,1,1,0,2,0.5,19,0.0,0,0.0,0.5555556,0,0,5.0,2,1.0,0,False
xalan,org.apache.xalan.xsltc.trax.TransformerImpl$MessageHandler,2,2,0,2,6,0,1,1,2,0.0,26,1.0,0,0.5,0.6666667,0,0,11.5,2,1.0,0,False
xalan,org.apache.xml.serializer.SecuritySupport12$8,2,1,0,1,5,0,1,1,1,0.5,20,0.0,1,0.0,0.6666667,0,0,8.0,1,0.5,0,False
xalan,org.apache.xpath.compiler.SecuritySupport12$6,2,1,0,1,5,0,1,1,1,0.33333334,33,0.0,1,0.0,0.625,0,0,14.0,2,1.0,0,False
xalan,org.apache.xml.dtm.ref.DTMDefaultBaseTraversers$1,0,1,0,22,0,0,22,0,0,2.0,0,0.0,0,0.0,0.0,0,0,0.0,0,0.0,0,False
xalan,org.apache.xalan.extensions.ObjectFactory,12,1,0,4,44,64,2,2,0,0.9818182,586,1.0,0,0.0,0.3181818,0,0,47.416668,8,1.8333334,0,False
xalan,org.apache.xalan.xsltc.compiler.CallTemplate,8,3,0,23,62,2,2,22,6,0.61904764,411,1.0,2,0.8888889,0.27083334,1,6,50.0,10,3.75,2,True
xalan,org.apache.xalan.xsltc.compiler.ObjectFactory$ConfigurationError,2,3,0,1,3,0,1,0,0,0.0,13,1.0,0,0.9444444,0.6666667,0,0,5.0,1,0.5,0,False
xalan,org.apache.xalan.xsltc.compiler.BinOpExpr,8,3,0,14,38,0,0,14,7,0.8095238,255,0.44444445,2,0.9220779,0.26530612,2,8,29.75,3,1.375,0,False
xalan,org.apache.xalan.xsltc.runtime.ErrorMessages_ca,3,3,0,0,4,1,0,0,2,0.5,234,1.0,0,0.974359,1.0,0,0,76.666664,1,0.33333334,1,True
xalan,org.apache.xml.serializer.SerializationHandler,9,1,0,47,9,36,41,6,9,2.0,9,0.0,0,0.0,0.23809524,0,0,0.0,1,1.0,3,True
xalan,org.apache.xalan.xsltc.compiler.UseAttributeSets,4,3,0,19,31,0,5,15,4,0.8333333,132,1.0,0,0.9491525,0.41666666,1,4,31.5,4,2.0,0,False
xalan,org.apache.xml.dtm.ref.ExpandedNameTable,14,1,0,24,26,15,22,2,11,0.93311036,405,0.39130434,4,0.0,0.46153846,0,0,26.285715,11,2.0714285,1,True
xalan,org.apache.xml.dtm.ref.sax2dtm.SAX2DTM2$TypedAttributeIterator,3,3,0,5,7,0,1,4,3,0.5,44,0.5,1,0.88235295,0.6666667,2,4,13.0,2,1.0,0,False
xalan,org.apache.xml.utils.SecuritySupport,11,1,1,2,20,53,2,1,0,0.9,90,1.0,0,0.0,0.4,0,0,7.090909,2,0.90909094,0,False
xalan,org.apache.xml.res.XMLErrorResources_zh_TW,5,3,0,1,16,8,0,1,3,1.2435898,1171,0.0,0,0.9268293,0.33333334,0,0,217.6,2,0.8,1,True
xalan,org.apache.xalan.lib.sql.SecuritySupport12$2,2,1,0,1,4,1,1,1,1,1.0,17,0.0,1,0.0,0.75,0,0,7.0,1,0.5,0,False
xalan,org.apache.xml.dtm.ref.IncrementalSAXSource_Xerces,13,1,0,9,49,14,0,9,10,0.48333332,680,0.06666667,0,0.0,0.1875,0,0,50.153847,9,1.5384616,1,True
xalan,org.apache.xalan.transformer.TransformerImpl,133,2,0,114,409,7774,63,68,125,0.9445076,3531,0.725,17,0.090277776,0.052807488,1,2,25.24812,5,1.3383459,6,True
xalan,org.apache.xalan.xsltc.runtime.ErrorMessages_hu,3,3,0,0,4,1,0,0,2,0.5,234,1.0,0,0.974359,1.0,0,0,76.666664,1,0.33333334,1,True
xalan,org.apache.xalan.extensions.SecuritySupport12$3,2,1,0,1,4,0,1,1,1,0.5,29,0.0,1,0.0,0.6666667,0,0,12.5,2,1.0,0,False
xalan,org.apache.xalan.xsltc.compiler.util.ErrorMessages_ko,3,3,0,0,4,1,0,0,2,0.5,1248,1.0,0,0.974359,1.0,0,0,414.66666,1,0.33333334,1,True
xalan,org.apache.xalan.lib.SecuritySupport12$5,2,1,0,1,4,0,1,1,1,0.5,19,0.0,1,0.0,0.6666667,0,0,7.5,1,0.5,0,False
xalan,org.apache.xml.serializer.SecuritySupport,11,1,1,3,20,53,3,1,0,0.9,90,1.0,0,0.0,0.4,0,0,7.090909,2,0.90909094,0,False
xalan,org.apache.xalan.xsltc.dom.SortSettings,7,1,0,3,8,9,2,1,0,0.8333333,52,1.0,1,0.0,0.2857143,0,0,5.571429,1,0.85714287,0,False
xalan,org.apache.xml.utils.SecuritySupport12$7,2,1,0,1,5,0,1,1,1,0.5,20,0.0,1,0.0,0.6666667,0,0,8.0,1,0.5,0,False
xalan,org.apache.xml.dtm.ref.DTMAxisIteratorBase,14,1,20,22,21,53,20,2,12,0.7948718,166,1.0,0,0.0,0.4047619,0,0,10.428572,5,1.4285715,0,False
xalan,org.apache.xml.dtm.ref.sax2dtm.SAX2DTM2$FollowingIterator,3,3,1,6,13,0,2,4,3,0.0,132,0.0,1,0.88235295,0.5555556,2,4,42.666668,9,4.3333335,0,False
xalan,org.apache.xpath.axes.DescendantIterator,9,5,0,11,42,0,2,9,8,0.5833333,426,1.0,1,0.9469697,0.2777778,3,11,46.0,14,2.8888888,1,True
xalan,org.apache.xml.serializer.ToHTMLSAXHandler,42,3,0,6,69,763,2,4,40,0.902439,386,1.0,0,0.7350993,0.14652015,3,16,8.166667,2,0.97619045,3,True
xalan,org.apache.xalan.xsltc.compiler.Mode,31,1,0,41,149,327,4,39,12,0.85396826,3124,1.0,7,0.0,0.16330644,0,0,99.09677,41,5.709677,3,True
xalan,org.apache.xml.dtm.ref.DTMDefaultBaseTraversers$IndexedDTMAxisTraverser,6,2,1,5,12,9,1,4,0,0.4,75,0.0,1,0.5,0.5416667,0,0,11.333333,4,1.5,0,False
xalan,org.apache.xalan.xsltc.dom.SimpleResultTreeImpl$SingletonIterator,6,2,0,3,9,0,1,3,6,0.65,93,0.0,1,0.7647059,0.5555556,1,4,13.833333,7,1.6666666,0,False
xalan,org.apache.xml.dtm.ref.DTMDefaultBaseIterators$TypedFollowingSiblingIterator,2,4,0,3,8,0,1,3,2,0.0,89,0.5,1,0.9444444,0.6666667,3,4,42.5,10,5.0,0,False
xalan,org.apache.xml.res.XMLErrorResources_es,5,3,0,1,16,8,0,1,3,1.2435898,1171,0.0,0,0.9268293,0.33333334,0,0,217.6,2,0.8,1,True
xalan,org.apache.xalan.xsltc.dom.XSLTCDTMManager,8,3,0,22,40,28,11,12,8,1.1428572,327,1.0,0,0.8333333,0.575,1,5,39.375,18,3.125,0,False
xalan,org.apache.xml.utils.ObjectPool,7,1,0,5,21,0,2,3,7,0.16666667,121,1.0,0,0.0,0.34285715,0,0,16.0,2,0.71428573,0,False
xalan,org.apache.xalan.lib.SecuritySupport12$6,2,1,0,1,5,0,1,1,1,0.33333334,33,0.0,1,0.0,0.625,0,0,14.0,2,1.0,0,False
xalan,org.apache.xml.dtm.ref.sax2dtm.SAX2DTM2$TypedRootIterator,2,4,0,4,7,0,0,4,2,0.0,73,0.5,1,0.9444444,0.6666667,3,4,34.5,7,3.5,0,False
xalan,org.apache.xalan.res.XSLTErrorResources_cs,5,3,0,1,16,8,0,1,3,1.2479508,4275,0.0,0,0.9268293,0.33333334,0,0,805.2,2,0.8,1,True
xalan,org.apache.xalan.xsltc.compiler.ForEach,6,3,0,28,55,3,2,27,5,0.6,318,1.0,2,0.91803277,0.3611111,1,6,51.666668,9,2.6666667,0,False
xalan,org.apache.xml.dtm.ref.DTMDefaultBaseIterators$TypedChildrenIterator,3,3,0,4,13,0,1,4,3,0.25,121,0.5,1,0.88235295,0.6666667,2,4,38.666668,9,4.3333335,0,False
xalan,org.apache.xalan.xsltc.compiler.UnsupportedElement,7,2,0,18,35,7,1,18,6,0.6666667,196,1.0,1,0.9,0.25396827,1,5,26.571428,5,1.5714285,0,False
xalan,org.apache.xalan.xsltc.runtime.ErrorMessages_tr,3,3,0,0,4,1,0,0,2,0.5,234,1.0,0,0.974359,1.0,0,0,76.666664,1,0.33333334,1,True
xalan,org.apache.xml.dtm.ref.DTMDefaultBaseTraversers$DescendantTraverser,10,3,4,8,19,0,5,4,3,0.11111111,180,0.0,1,0.5,0.525,2,6,16.9,4,1.9,0,False
xalan,org.apache.xalan.xsltc.compiler.SyntaxTreeNode,55,1,5,100,118,1101,75,45,10,0.912037,1164,1.0,6,0.0,0.14969136,0,0,19.945454,18,2.1636364,1,True
xalan,org.apache.xml.dtm.ref.sax2dtm.SAX2DTM2$TypedFollowingIterator,2,4,0,3,8,0,1,2,2,0.0,121,0.5,1,0.9444444,0.6666667,3,4,58.5,16,8.0,0,False
xalan,org.apache.xalan.res.XSLTErrorResources_fr,5,3,0,1,16,8,0,1,3,1.2479508,4275,0.0,0,0.9268293,0.33333334,0,0,805.2,2,0.8,1,True
xalan,org.apache.xalan.xsltc.dom.LoadDocument,7,1,0,19,48,21,0,19,3,1.1666666,389,1.0,0,0.0,0.46938777,0,0,54.42857,1,0.85714287,0,False
xalan,org.apache.xalan.lib.Extensions$DocumentHolder,3,1,0,2,8,1,1,1,0,0.5,21,1.0,0,0.0,0.5,0,0,5.6666665,1,0.33333334,0,False
xalan,org.apache.xml.dtm.ref.SecuritySupport12$7,2,1,0,1,5,0,1,1,1,0.5,20,0.0,1,0.0,0.6666667,0,0,8.0,1,0.5,0,False
xalan,org.apache.xalan.templates.XSLTVisitor,9,2,1,20,10,36,19,6,9,2.0,28,0.0,0,0.6,0.3148148,0,0,2.1111112,1,0.8888889,1,True
xalan,org.apache.xml.res.XMLErrorResources_ru,5,3,0,1,16,8,0,1,3,1.2435898,1171,0.0,0,0.9268293,0.33333334,0,0,217.6,2,0.8,1,True
xalan,org.apache.xalan.xsltc.compiler.Sort,20,3,0,55,105,130,2,55,15,0.8479532,1393,1.0,4,0.74666667,0.23636363,1,4,68.2,11,2.5,2,True
xalan,org.apache.xml.res.XMLErrorResources_sk,5,3,0,1,16,8,0,1,3,1.2435898,1171,0.0,0,0.9268293,0.33333334,0,0,217.6,2,0.8,1,True
xalan,org.apache.xalan.xsltc.runtime.ErrorMessages_de,3,3,0,0,4,1,0,0,2,0.5,234,1.0,0,0.974359,1.0,0,0,76.666664,1,0.33333334,1,True
xalan,org.apache.xalan.lib.PipeDocument,3,1,0,10,47,3,0,10,3,2.0,271,0.0,0,0.0,0.46666667,0,0,89.333336,1,0.6666667,0,False
xalan,org.apache.xalan.xsltc.compiler.util.MethodGenerator,27,4,6,137,49,311,122,15,27,0.97863245,432,1.0,1,0.7886179,0.15925926,1,2,14.0,4,1.2962962,1,True
xalan,org.apache.xml.dtm.ref.sax2dtm.SAX2DTM2$TypedPrecedingIterator,2,4,0,4,7,0,1,3,2,0.0,116,0.5,1,0.95652175,0.6666667,3,5,56.0,13,6.5,0,False
xalan,org.apache.xml.dtm.ref.DTMDefaultBaseIterators$FollowingIterator,3,3,1,5,10,0,2,4,3,0.25,56,0.0,2,0.88235295,0.5555556,2,4,17.0,3,1.3333334,0,False
xalan,org.apache.xalan.xsltc.compiler.SecuritySupport12$6,2,1,0,1,5,0,1,1,1,0.33333334,33,0.0,1,0.0,0.625,0,0,14.0,2,1.0,0,False
xalan,org.apache.xalan.xsltc.compiler.Param,8,4,0,40,70,8,11,34,7,0.71428573,435,1.0,0,0.91566265,0.26785713,3,18,53.25,8,2.625,0,False
xalan,org.apache.xalan.xsltc.compiler.util.ErrorMessages_pl,3,3,0,0,4,1,0,0,2,0.5,1248,1.0,0,0.974359,1.0,0,0,414.66666,1,0.33333334,1,True
xalan,org.apache.xalan.xsltc.runtime.ErrorMessages_ja,3,3,0,0,4,1,0,0,2,0.5,234,1.0,0,0.974359,1.0,0,0,76.666664,1,0.33333334,1,True
xalan,org.apache.xpath.compiler.Compiler,47,2,0,59,111,1021,22,41,15,0.64855075,1185,0.6666667,1,0.32307693,0.17391305,1,1,24.085106,12,1.2127659,4,True
xalan,org.apache.xalan.xsltc.compiler.Comment,4,3,0,19,27,6,1,18,3,2.0,161,0.0,0,0.9491525,0.4,1,4,39.25,5,1.75,0,False
xalan,org.apache.xalan.xsltc.compiler.RoundCall,2,4,0,10,10,1,0,10,2,2.0,30,0.0,0,0.9896907,0.6,2,4,14.0,1,0.5,0,False
xalan,org.apache.xalan.xsltc.compiler.Step,16,4,0,30,70,10,5,28,13,0.56666666,790,1.0,0,0.82954544,0.23214285,2,9,48.125,17,3.375,3,True
xalan,org.apache.xalan.extensions.SecuritySupport12$4,2,1,0,1,4,0,1,1,1,0.5,17,0.0,1,0.0,0.6666667,0,0,6.5,1,0.5,0,False
xalan,org.apache.xalan.trace.TraceManager,17,1,0,45,39,0,30,16,17,0.3125,435,1.0,1,0.0,0.16544117,0,0,24.470589,4,2.3529413,2,True
xalan,org.apache.xalan.xsltc.compiler.AttributeValueTemplate,7,4,0,23,51,21,5,19,5,2.0,452,0.0,0,0.9230769,0.3392857,2,7,63.57143,14,5.142857,0,False
xalan,org.apache.xalan.xsltc.cmdline.SecuritySupport12$6,2,1,0,1,5,0,1,1,1,0.33333334,33,0.0,1,0.0,0.625,0,0,14.0,2,1.0,0,False
xalan,org.apache.xml.dtm.ref.DTMDefaultBaseIterators$TypedDescendantIterator,2,4,0,2,8,0,1,2,2,0.0,62,0.5,1,0.95,0.6666667,3,5,29.0,6,3.0,0,False
xalan,org.apache.xalan.xsltc.compiler.util.SecuritySupport12$3,2,1,0,1,4,0,1,1,1,0.5,29,0.0,1,0.0,0.6666667,0,0,12.5,2,1.0,0,False
xalan,org.apache.xml.serializer.ToXMLSAXHandler,44,3,0,9,97,742,3,6,40,0.88372093,680,1.0,0,0.7302632,0.14685315,2,13,14.431818,2,0.95454544,2,True
xalan,org.apache.xml.serializer.OutputPropertiesFactory$1,2,1,0,1,4,0,1,0,1,0.0,14,0.0,0,0.0,0.75,0,0,5.5,1,0.5,0,False
xalan,org.apache.xml.dtm.ref.DTMDefaultBaseTraversers$PrecedingAndAncestorTraverser,4,2,0,4,9,0,1,4,2,0.0,83,0.0,1,0.6666667,0.5625,1,1,19.5,4,1.75,0,False
xalan,org.apache.xml.dtm.ref.ExpandedNameTable$HashEntry,1,1,0,2,2,0,1,1,0,2.0,20,0.0,2,0.0,1.0,0,0,15.0,0,0.0,0,False
xalan,org.apache.xalan.processor.XSLProcessorVersion,2,1,0,0,4,1,0,0,2,2.0,16,0.0,0,0.0,0.5,0,0,3.5,1,0.5,0,False
xalan,org.apache.xalan.lib.sql.SQLDocument,16,5,0,13,95,18,1,13,9,0.8,1467,1.0,4,0.9264706,0.20535715,2,8,86.625,23,3.6875,1,True
xalan,org.apache.xalan.templates.DecimalFormatProperties,27,3,0,6,51,0,4,3,27,0.5576923,167,0.5,1,0.8828829,0.24691358,2,5,5.111111,2,1.0,0,False
xalan,org.apache.xalan.xsltc.dom.MultiDOM,54,1,0,16,115,277,4,14,52,0.870283,803,1.0,4,0.0,0.1712963,0,0,13.722222,11,1.6111112,1,True
xalan,org.apache.xalan.xsltc.compiler.util.SecuritySupport,11,1,1,2,20,53,2,1,0,0.9,90,1.0,0,0.0,0.4,0,0,7.090909,2,0.90909094,0,False
xalan,org.apache.xml.dtm.ref.DTMDocumentImpl,111,1,0,13,150,5301,0,13,97,0.9443182,1851,0.6666667,8,0.0,0.11988636,0,0,15.459459,10,1.5315316,3,True
xalan,org.apache.xml.dtm.ref.sax2dtm.SAX2DTM,75,4,2,25,190,2297,5,21,65,0.9083615,2494,0.9375,11,0.56626505,0.13423423,2,20,31.826666,13,2.2933333,3,True
xalan,org.apache.xalan.lib.sql.ObjectFactory$ConfigurationError,2,3,0,2,3,0,2,0,0,0.0,13,1.0,0,0.9444444,0.6666667,0,0,5.0,1,0.5,0,False
xalan,org.apache.xalan.xsltc.compiler.SecuritySupport12$5,2,1,0,1,4,0,1,1,1,0.5,19,0.0,1,0.0,0.6666667,0,0,7.5,1,0.5,0,False
xalan,org.apache.xml.dtm.ref.DTMDefaultBaseTraversers$ChildTraverser,7,2,0,5,19,0,1,5,4,0.0,150,0.0,1,0.44444445,0.53571427,1,1,20.285715,6,1.7142857,0,False
xalan,org.apache.xalan.xsltc.dom.SecuritySupport12$8,2,1,0,1,5,0,1,1,1,0.5,20,0.0,1,0.0,0.6666667,0,0,8.0,1,0.5,0,False
xalan,org.apache.xalan.xsltc.compiler.Text,13,3,0,22,45,0,8,17,10,0.625,361,1.0,0,0.8358209,0.26923078,2,6,26.461538,10,2.0,1,True
xalan,org.apache.xpath.functions.ObjectFactory,12,1,0,3,44,64,1,2,0,0.9818182,586,1.0,0,0.0,0.3181818,0,0,47.416668,8,1.8333334,0,False
xalan,org.apache.xalan.xsltc.compiler.util.SecuritySupport12$1,2,1,0,1,5,1,1,1,1,1.0,18,0.0,1,0.0,0.75,0,0,7.5,1,0.5,0,False
xalan,org.apache.xpath.functions.SecuritySupport,11,1,1,3,20,53,3,1,0,0.9,90,1.0,0,0.0,0.4,0,0,7.090909,2,0.90909094,0,False
xalan,org.apache.xpath.functions.SecuritySupport12$8,2,1,0,1,5,0,1,1,1,0.5,20,0.0,1,0.0,0.6666667,0,0,8.0,1,0.5,0,False
xalan,org.apache.xalan.extensions.SecuritySupport12$8,2,1,0,1,5,0,1,1,1,0.5,20,0.0,1,0.0,0.6666667,0,0,8.0,1,0.5,0,False
xalan,org.apache.xalan.xsltc.runtime.SecuritySupport12$2,2,1,0,1,4,1,1,1,1,1.0,17,0.0,1,0.0,0.75,0,0,7.0,1,0.5,0,False
xalan,org.apache.xalan.lib.sql.SecuritySupport12$7,2,1,0,1,5,0,1,1,1,0.5,20,0.0,1,0.0,0.6666667,0,0,8.0,1,0.5,0,False
xalan,org.apache.xalan.xsltc.compiler.util.ErrorMessages_it,3,3,0,0,4,1,0,0,2,0.5,1248,1.0,0,0.974359,1.0,0,0,414.66666,1,0.33333334,1,True
xalan,org.apache.xpath.axes.UnionPathIterator,16,5,0,22,54,46,4,21,13,0.6,563,1.0,2,0.89928055,0.2,2,13,34.0625,9,2.5,2,True
xalan,org.apache.xml.utils.DOMBuilder,30,1,0,4,68,207,2,2,28,0.62068963,494,0.6,0,0.0,0.2,0,0,15.3,5,1.0666667,0,False
xalan,org.apache.xalan.xsltc.dom.SecuritySupport12$2,2,1,0,1,4,1,1,1,1,1.0,17,0.0,1,0.0,0.75,0,0,7.0,1,0.5,0,False
xalan,org.apache.xml.dtm.ref.DTMDefaultBaseIterators,4,3,3,57,36,6,49,31,4,2.0,244,0.0,0,0.9787234,0.64285713,0,0,60.0,2,1.0,2,True
xalan,org.apache.xml.serializer.ObjectFactory$ConfigurationError,2,3,0,1,3,0,1,0,0,0.0,13,1.0,0,0.9444444,0.6666667,0,0,5.0,1,0.5,0,False
xalan,org.apache.xpath.compiler.SecuritySupport12$1,2,1,0,1,5,1,1,1,1,1.0,18,0.0,1,0.0,0.75,0,0,7.5,1,0.5,0,False
xalan,org.apache.xml.dtm.DTMManager,19,1,2,54,26,157,46,10,17,0.99382716,96,0.44444445,1,0.0,0.1574074,0,0,3.5789473,1,0.8947368,2,True
xalan,org.apache.xalan.processor.ProcessorExsltFunction,6,5,0,27,27,15,1,26,4,2.0,229,0.0,0,0.9770642,0.53333336,2,4,37.166668,7,1.8333334,0,False
xalan,org.apache.xalan.lib.sql.SecuritySupport12$3,2,1,0,1,4,0,1,1,1,0.5,29,0.0,1,0.0,0.6666667,0,0,12.5,2,1.0,0,False
xalan,org.apache.xalan.xsltc.compiler.Expression,18,2,21,83,44,117,64,22,17,0.8039216,233,1.0,3,0.7605634,0.2857143,1,2,11.777778,6,1.4444444,0,False
xalan,org.apache.xalan.xsltc.trax.SecuritySupport12$7,2,1,0,1,5,0,1,1,1,0.5,20,0.0,1,0.0,0.6666667,0,0,8.0,1,0.5,0,False
xalan,org.apache.xalan.templates.ElemTextLiteral,11,3,0,9,21,29,6,4,11,0.825,135,1.0,0,0.9514563,0.3409091,2,5,10.909091,2,1.0,2,True
xalan,org.apache.xalan.xsltc.runtime.CallFunction,9,1,0,1,58,30,0,1,3,0.75,619,0.0,0,0.0,0.18518518,0,0,67.333336,13,6.3333335,0,False
xalan,org.apache.xalan.xsltc.dom.ObjectFactory$ConfigurationError,2,3,0,1,3,0,1,0,0,0.0,13,1.0,0,0.9444444,0.6666667,0,0,5.0,1,0.5,0,False
xalan,org.apache.xalan.Version,9,1,0,1,18,36,1,0,9,2.0,81,0.0,0,0.0,0.11111111,0,0,8.0,2,1.1111112,4,True
xalan,org.apache.xml.dtm.SecuritySupport12$6,2,1,0,1,5,0,1,1,1,0.33333334,33,0.0,1,0.0,0.625,0,0,14.0,2,1.0,0,False
xalan,org.apache.xalan.lib.SecuritySupport12,9,2,0,9,23,36,9,9,0,2.0,82,0.0,0,0.5294118,0.44444445,0,0,8.111111,1,0.8888889,0,False
xalan,org.apache.xalan.xsltc.dom.ClonedNodeListIterator,10,2,0,3,15,5,1,3,10,0.5555556,65,1.0,1,0.59090906,0.35,1,6,5.3,2,1.0,0,False
xalan,org.apache.xalan.xsltc.trax.TransformerHandlerImpl,29,1,0,14,75,114,2,13,29,0.8541667,490,1.0,3,0.0,0.23706897,0,0,15.4827585,2,1.0,0,False
xalan,org.apache.xalan.extensions.ExtensionHandlerJavaPackage,6,3,0,13,51,3,0,13,6,2.0,851,0.0,0,0.61538464,0.3888889,2,5,140.83333,5,1.6666666,3,True
xalan,org.apache.xml.res.XMLErrorResources_tr,5,3,0,1,16,8,0,1,3,1.2435898,1171,0.0,0,0.9268293,0.33333334,0,0,217.6,2,0.8,1,True
xalan,org.apache.xml.utils.Trie,3,1,0,2,10,0,2,1,3,0.5,162,0.33333334,1,0.0,0.6666667,0,0,52.0,10,5.0,1,True
xalan,org.apache.xml.dtm.ref.DTMDefaultBaseTraversers$DescendantFromRootTraverser,6,4,0,3,13,3,1,3,2,0.2,64,0.0,1,0.8,0.5416667,2,4,9.5,2,0.8333333,0,False
xalan,org.apache.xalan.xsltc.compiler.util.ErrorMessages_sk,3,3,0,0,4,1,0,0,2,0.5,1248,1.0,0,0.974359,1.0,0,0,414.66666,1,0.33333334,1,True
xalan,org.apache.xalan.xsltc.dom.SecuritySupport12$5,2,1,0,1,4,0,1,1,1,0.5,19,0.0,1,0.0,0.6666667,0,0,7.5,1,0.5,0,False
xalan,org.apache.xml.dtm.ref.DTMManagerDefault,17,2,1,26,81,86,7,22,17,0.7916667,736,0.8333333,3,0.54285717,0.19607843,1,1,41.941177,25,3.9411764,0,False
xalan,org.apache.xalan.lib.sql.QueryParameter,14,1,0,3,21,31,3,0,12,0.71794873,344,1.0,0,0.0,0.51282054,0,0,23.142857,3,0.85714287,0,False
xalan,org.apache.xml.dtm.SecuritySupport12$4,2,1,0,1,4,0,1,1,1,0.5,17,0.0,1,0.0,0.6666667,0,0,6.5,1,0.5,0,False
xalan,org.apache.xalan.xslt.SecuritySupport12,9,2,0,9,23,36,9,9,0,2.0,82,0.0,0,0.5294118,0.44444445,0,0,8.111111,1,0.8888889,0,False
xalan,org.apache.xpath.functions.SecuritySupport12$6,2,1,0,1,5,0,1,1,1,0.33333334,33,0.0,1,0.0,0.625,0,0,14.0,2,1.0,0,False
xalan,org.apache.xalan.xsltc.dom.UnionIterator$LookAheadIterator,5,1,0,2,10,0,1,1,5,0.375,59,0.0,1,0.0,0.6,0,0,10.0,1,0.8,0,False
xalan,org.apache.xml.dtm.ref.sax2dtm.SAX2DTM2$FollowingSiblingIterator,3,3,1,6,10,0,2,4,3,0.0,55,0.0,1,0.88235295,0.5555556,2,4,17.0,3,1.6666666,0,False
xalan,org.apache.xalan.templates.ElemParam,6,4,0,18,21,15,7,11,6,1.0,85,0.0,0,0.98190045,0.375,3,8,13.0,1,0.6666667,2,True
xalan,org.apache.xalan.templates.TemplateList$1,0,1,0,2,0,0,2,0,0,2.0,0,0.0,0,0.0,0.0,0,0,0.0,0,0.0,0,False
xalan,org.apache.xalan.xsltc.compiler.EqualityExpr,12,3,0,37,49,0,1,36,11,0.33333334,836,1.0,2,0.86585367,0.23809524,2,8,68.416664,18,3.25,1,True
xalan,org.apache.xalan.xsltc.runtime.ErrorMessages_es,3,3,0,0,4,1,0,0,2,0.5,234,1.0,0,0.974359,1.0,0,0,76.666664,1,0.33333334,1,True
xalan,org.apache.xalan.templates.ElemPI,8,3,0,12,33,8,1,11,8,0.42857143,163,1.0,1,0.9655172,0.3,2,5,19.25,16,2.75,3,True
xalan,org.apache.xalan.xsltc.compiler.util.ErrorMessages_pt_BR,3,3,0,0,4,1,0,0,2,0.5,1248,1.0,0,0.974359,1.0,0,0,414.66666,1,0.33333334,1,True
xalan,org.apache.xml.serializer.OutputPropertiesFactory,6,1,0,10,38,9,6,4,2,1.0260869,388,0.65217394,0,0.0,0.3,0,0,59.833332,10,2.8333333,2,True
xalan,org.apache.xml.dtm.ref.SecuritySupport12$2,2,1,0,1,4,1,1,1,1,1.0,17,0.0,1,0.0,0.75,0,0,7.0,1,0.5,0,False
xalan,org.apache.xpath.res.XPATHErrorResources_es,5,3,0,1,16,8,0,1,3,1.2462963,2125,0.0,0,0.9268293,0.33333334,0,0,397.0,2,0.8,2,True
xalan,org.apache.xml.dtm.ref.DTMDefaultBaseTraversers,3,2,1,31,28,3,22,29,3,2.0,226,0.0,0,0.98913044,0.7619048,0,0,74.333336,5,1.6666666,2,True
xalan,org.apache.xalan.res.XSLTErrorResources_hu,5,3,0,1,16,8,0,1,3,1.2479508,4275,0.0,0,0.9268293,0.33333334,0,0,805.2,2,0.8,1,True
xalan,org.apache.xalan.templates.ElemExsltFunction,5,4,0,15,29,10,3,12,5,2.0,169,0.0,0,0.98190045,0.4,4,7,32.8,1,0.8,2,True
xalan,org.apache.xalan.xsltc.trax.SecuritySupport12,9,2,0,9,23,36,9,9,0,2.0,82,0.0,0,0.5294118,0.44444445,0,0,8.111111,1,0.8888889,0,False
xalan,org.apache.xml.dtm.ref.DTMDefaultBaseIterators$TypedFollowingIterator,2,4,0,3,7,0,1,3,2,0.0,52,0.5,1,0.9444444,0.6666667,3,4,24.0,5,2.5,0,False
xalan,org.apache.xalan.xsltc.compiler.SecuritySupport12$8,2,1,0,1,5,0,1,1,1,0.5,20,0.0,1,0.0,0.6666667,0,0,8.0,1,0.5,0,False
xalan,org.apache.xpath.res.XPATHErrorResources_zh_CN,5,3,0,1,16,8,0,1,3,1.2462963,2125,0.0,0,0.9268293,0.33333334,0,0,397.0,2,0.8,2,True
xalan,org.apache.xalan.xsltc.trax.ObjectFactory$ConfigurationError,2,3,0,1,3,0,1,0,0,0.0,13,1.0,0,0.9444444,0.6666667,0,0,5.0,1,0.5,0,False
xalan,org.apache.xml.utils.ObjectFactory$ConfigurationError,2,3,0,1,3,0,1,0,0,0.0,13,1.0,0,0.9444444,0.6666667,0,0,5.0,1,0.5,0,False
xalan,org.apache.xalan.xsltc.dom.DocumentCache$CachedDocument,13,1,0,6,22,48,1,6,13,0.875,151,0.875,2,0.0,0.34615386,0,0,10.0,2,1.0769231,0,False
xalan,org.apache.xml.dtm.ref.DTMDefaultBaseIterators$NamespaceAttributeIterator,3,3,0,3,9,0,0,3,3,0.5,58,0.5,1,0.88235295,0.6666667,2,4,17.666666,3,1.6666666,0,False
xalan,org.apache.xalan.lib.SecuritySupport12$3,2,1,0,1,4,0,1,1,1,0.5,29,0.0,1,0.0,0.6666667,0,0,12.5,2,1.0,0,False
xalan,org.apache.xalan.xsltc.compiler.util.ObjectFactory$ConfigurationError,2,3,0,1,3,0,1,0,0,0.0,13,1.0,0,0.9444444,0.6666667,0,0,5.0,1,0.5,0,False
xalan,org.apache.xalan.lib.sql.SecuritySupport12$1,2,1,0,1,5,1,1,1,1,1.0,18,0.0,1,0.0,0.75,0,0,7.5,1,0.5,0,False
xalan,org.apache.xalan.xsltc.compiler.util.ErrorMessages,3,3,1,1,4,1,1,0,2,0.5,1326,1.0,0,0.974359,1.0,0,0,440.66666,1,0.33333334,3,True
xalan,org.apache.xalan.xsltc.compiler.util.SecuritySupport12$7,2,1,0,1,5,0,1,1,1,0.5,20,0.0,1,0.0,0.6666667,0,0,8.0,1,0.5,0,False
xalan,org.apache.xalan.xsltc.compiler.util.ResultTreeType,22,2,0,40,59,185,9,33,21,0.52380955,751,1.0,0,0.6226415,0.1993007,2,4,33.090908,7,1.5909091,1,True
xalan,org.apache.xml.dtm.ref.DTMDefaultBaseTraversers$DescendantOrSelfTraverser,4,4,1,4,5,6,2,3,1,0.6666667,21,0.0,1,0.8888889,0.5625,1,1,4.0,1,0.5,0,False
xalan,org.apache.xpath.compiler.SecuritySupport12$5,2,1,0,1,4,0,1,1,1,0.5,19,0.0,1,0.0,0.6666667,0,0,7.5,1,0.5,0,False
xalan,org.apache.xpath.functions.FuncRound,2,4,0,5,7,1,0,5,2,2.0,43,0.0,0,0.97959185,0.75,1,6,20.5,1,0.5,0,False
xalan,org.apache.xpath.res.XPATHErrorResources_zh_TW,5,3,0,1,16,8,0,1,3,1.2462963,2125,0.0,0,0.9268293,0.33333334,0,0,397.0,2,0.8,2,True
xalan,org.apache.xml.dtm.ref.sax2dtm.SAX2DTM2$TypedFollowingSiblingIterator,2,4,0,3,7,0,1,2,2,0.0,74,0.5,1,0.9444444,0.6666667,3,4,35.0,8,4.0,0,False
xalan,org.apache.xml.res.XMLErrorResources_ko,5,3,0,1,16,8,0,1,3,1.2435898,1171,0.0,0,0.9268293,0.33333334,0,0,217.6,2,0.8,1,True
xalan,org.apache.xml.res.XMLErrorResources_hu,5,3,0,1,16,8,0,1,3,1.2435898,1171,0.0,0,0.9268293,0.33333334,0,0,217.6,2,0.8,1,True
xalan,org.apache.xpath.res.XPATHErrorResources_ko,5,3,0,1,16,8,0,1,3,1.2462963,2125,0.0,0,0.9268293,0.33333334,0,0,397.0,2,0.8,2,True
xalan,org.apache.xalan.xsltc.runtime.SecuritySupport,11,1,1,2,20,53,2,1,0,0.9,90,1.0,0,0.0,0.4,0,0,7.090909,2,0.90909094,0,False
xalan,org.apache.xml.serializer.ToTextStream,25,3,0,5,50,192,2,3,23,2.0,484,0.0,0,0.87564766,0.36666667,2,17,18.36,1,0.96,4,True
xalan,org.apache.xalan.lib.SecuritySupport12$8,2,1,0,1,5,0,1,1,1,0.5,20,0.0,1,0.0,0.6666667,0,0,8.0,1,0.5,0,False
xalan,org.apache.xalan.xsltc.runtime.ErrorMessages_zh_TW,3,3,0,0,4,1,0,0,2,0.5,234,1.0,0,0.974359,1.0,0,0,76.666664,1,0.33333334,1,True
xalan,org.apache.xalan.xsltc.cmdline.SecuritySupport12$3,2,1,0,1,4,0,1,1,1,0.5,29,0.0,1,0.0,0.6666667,0,0,12.5,2,1.0,0,False
xalan,org.apache.xpath.res.XPATHErrorResources_hu,5,3,0,1,16,8,0,1,3,1.2462963,2125,0.0,0,0.9268293,0.33333334,0,0,397.0,2,0.8,2,True
xalan,org.apache.xml.dtm.ref.DTMDefaultBaseTraversers$FollowingTraverser,6,4,0,3,19,0,1,3,4,0.0,204,0.0,1,0.8,0.5416667,1,1,32.833332,9,3.8333333,0,False
xalan,org.apache.xml.serializer.ToUnknownStream,83,2,0,11,178,0,1,10,76,0.8430894,1123,1.0,1,0.5147929,0.11566265,2,10,12.349398,10,1.2048193,3,True
xalan,org.apache.xalan.processor.ProcessorDecimalFormat,2,4,0,7,13,1,1,6,1,2.0,35,0.0,0,0.99526066,0.625,2,3,16.5,1,0.5,0,False
xalan,org.apache.xalan.xslt.SecuritySupport,11,1,1,2,20,53,2,1,0,0.9,90,1.0,0,0.0,0.4,0,0,7.090909,2,0.90909094,0,False
xalan,org.apache.xpath.functions.FuncExtFunction$ArgExtOwner,3,1,0,4,5,0,1,4,2,0.25,25,0.0,2,0.0,0.6666667,0,0,6.6666665,1,0.6666667,0,False
xalan,org.apache.xml.dtm.ref.DTMDefaultBaseIterators$PrecedingSiblingIterator,4,3,1,5,15,0,2,4,4,0.5,116,0.5,1,0.8333333,0.5,2,5,27.5,7,2.75,0,False
xalan,org.apache.xalan.processor.XSLTSchema,5,2,0,27,43,0,5,25,2,0.25,2423,1.0,0,0.875,0.7,1,1,483.4,2,1.0,0,False
xalan,org.apache.xml.dtm.ref.DTMDefaultBaseTraversers$NamespaceTraverser,4,2,0,3,8,0,1,3,2,0.0,67,0.0,1,0.6666667,0.5625,1,1,15.5,4,1.5,0,False
xalan,org.apache.xalan.trace.ExtensionEvent,3,1,0,6,4,0,5,1,3,0.5625,65,0.0,1,0.0,0.5714286,0,0,18.0,0,0.0,0,False
xalan,org.apache.xalan.templates.RedundentExprEliminator,38,3,0,27,128,607,1,27,8,0.9,1849,0.0,2,0.35714287,0.19459459,0,0,47.394737,15,3.7631578,2,True
xalan,org.apache.xalan.xsltc.compiler.util.ErrorMessages_ca,3,3,0,0,4,1,0,0,2,0.5,1248,1.0,0,0.974359,1.0,0,0,414.66666,1,0.33333334,1,True
xalan,org.apache.xml.dtm.SecuritySupport12,9,2,0,9,23,36,9,9,0,2.0,82,0.0,0,0.5294118,0.44444445,0,0,8.111111,1,0.8888889,0,False
xalan,org.apache.xalan.xsltc.cmdline.SecuritySupport12,9,2,0,9,23,36,9,9,0,2.0,82,0.0,0,0.5294118,0.44444445,0,0,8.111111,1,0.8888889,0,False
xalan,org.apache.xalan.res.XSLTErrorResources_ca,5,3,0,1,16,8,0,1,3,1.2479508,4275,0.0,0,0.9268293,0.33333334,0,0,805.2,2,0.8,1,True
xalan,org.apache.xalan.lib.ExsltStrings,10,2,0,3,37,45,0,3,10,2.0,341,0.0,0,0.18181819,0.275,0,0,33.1,5,2.6,0,False
xalan,org.apache.xalan.xsltc.compiler.Include,5,3,0,15,40,4,1,15,4,0.5,224,1.0,1,0.9375,0.36,2,5,43.6,12,3.0,0,False
xalan,org.apache.xalan.xsltc.dom.KeyIndex,20,2,0,9,38,34,2,7,20,0.77894735,385,1.0,4,0.40625,0.24285714,1,7,18.0,11,2.55,1,True
xalan,org.apache.xalan.lib.SecuritySupport,11,1,1,2,20,53,2,1,0,0.9,90,1.0,0,0.0,0.4,0,0,7.090909,2,0.90909094,0,False
xalan,org.apache.xalan.templates.FuncDocument,8,5,0,16,66,28,1,15,6,2.0,551,0.0,0,0.8888889,0.475,3,8,67.875,1,0.875,0,False
xalan,org.apache.xalan.xsltc.compiler.FilterExpr,7,3,0,19,35,0,0,19,6,0.083333336,226,1.0,1,0.9220779,0.30612245,2,9,31.0,3,1.5714285,1,True
xalan,org.apache.xalan.xsltc.compiler.util.NamedMethodGenerator,5,5,0,9,10,8,2,7,4,1.0,45,1.0,0,0.9787234,0.4375,2,3,7.6,2,0.8,1,True
xalan,org.apache.xalan.extensions.SecuritySupport,11,1,1,2,20,53,2,1,0,0.9,90,1.0,0,0.0,0.4,0,0,7.090909,2,0.90909094,0,False
xalan,org.apache.xpath.XPathContext$XPathExpressionContext,9,1,0,14,22,0,4,11,9,0.0,88,0.0,1,0.0,0.3611111,0,0,8.666667,1,0.8888889,0,False
xalan,org.apache.xalan.lib.Extensions,11,1,0,13,52,55,1,12,9,2.0,304,0.0,0,0.0,0.21212122,0,0,26.636364,5,1.8181819,1,True
xalan,org.apache.xml.utils.QName,28,1,0,53,49,268,49,4,28,0.56296295,741,0.8,0,0.0,0.2857143,1,1,25.285715,9,1.4285715,2,True
xalan,org.apache.xalan.xsltc.runtime.SecuritySupport12$7,2,1,0,1,5,0,1,1,1,0.5,20,0.0,1,0.0,0.6666667,0,0,8.0,1,0.5,0,False
xalan,org.apache.xalan.xsltc.runtime.ErrorMessages,3,3,0,0,4,1,0,0,2,0.5,299,1.0,0,0.974359,1.0,0,0,98.333336,1,0.33333334,2,True
xalan,org.apache.xalan.xsltc.util.IntegerArray,24,1,0,5,30,0,5,0,21,0.54347825,486,1.0,0,0.0,0.31666666,0,0,19.083334,8,1.7083334,0,False
xalan,org.apache.xalan.extensions.ExtensionHandlerGeneral,7,2,0,17,52,13,0,17,6,0.8703704,512,1.0,0,0.54545456,0.36666667,0,0,70.85714,2,1.0,1,True
xalan,org.apache.xalan.extensions.SecuritySupport12,9,2,0,9,23,36,9,9,0,2.0,82,0.0,0,0.5294118,0.44444445,0,0,8.111111,1,0.8888889,0,False
xalan,org.apache.xml.utils.XMLChar,24,1,0,19,30,204,19,0,23,0.9758454,3239,0.0,0,0.0,0.25,0,0,133.58333,17,4.0,2,True
xalan,org.apache.xalan.lib.sql.SecuritySupport12,9,2,0,9,23,36,9,9,0,2.0,82,0.0,0,0.5294118,0.44444445,0,0,8.111111,1,0.8888889,0,False
xalan,org.apache.xalan.extensions.ExpressionVisitor,2,2,0,9,11,0,1,8,2,0.0,53,1.0,1,0.9230769,0.625,0,0,25.0,4,2.0,1,True
xalan,org.apache.xalan.xsltc.trax.SecuritySupport12$3,2,1,0,1,4,0,1,1,1,0.5,29,0.0,1,0.0,0.6666667,0,0,12.5,2,1.0,0,False
xalan,org.apache.xml.dtm.ref.DTMDefaultBaseTraversers$DescendantOrSelfFromRootTraverser,6,4,0,3,14,3,1,3,2,0.2,62,0.0,1,0.8,0.5416667,3,4,9.166667,2,0.8333333,0,False
xalan,org.apache.xalan.xsltc.dom.SecuritySupport12,9,2,0,9,23,36,9,9,0,2.0,82,0.0,0,0.5294118,0.44444445,0,0,8.111111,1,0.8888889,0,False
xalan,org.apache.xalan.xslt.SecuritySupport12$5,2,1,0,1,4,0,1,1,1,0.5,19,0.0,1,0.0,0.6666667,0,0,7.5,1,0.5,0,False
xalan,org.apache.xml.serializer.CharInfo,15,1,0,8,51,79,3,5,5,0.8697479,591,0.64705884,1,0.0,0.3857143,0,0,37.266666,7,1.6666666,2,True
xalan,org.apache.xalan.processor.TransformerFactoryImpl,23,3,0,19,75,167,7,14,20,0.90909094,797,0.22222222,0,0.4878049,0.20707071,1,2,33.260868,17,1.6086956,5,True
xalan,org.apache.xalan.xsltc.cmdline.ObjectFactory$ConfigurationError,2,3,0,1,3,0,1,0,0,0.0,13,1.0,0,0.9444444,0.6666667,0,0,5.0,1,0.5,0,False
xalan,org.apache.xalan.xsltc.trax.SecuritySupport12$8,2,1,0,1,5,0,1,1,1,0.5,20,0.0,1,0.0,0.6666667,0,0,8.0,1,0.5,0,False
xalan,org.apache.xml.dtm.ref.DTMDefaultBaseTraversers$FollowingSiblingTraverser,4,2,0,3,7,0,1,3,2,0.0,38,0.0,1,0.6666667,0.5625,1,1,8.25,3,1.0,0,False
xalan,org.apache.xalan.xsltc.runtime.ErrorMessages_fr,3,3,0,0,4,1,0,0,2,0.5,234,1.0,0,0.974359,1.0,0,0,76.666664,1,0.33333334,1,True
xalan,org.apache.xalan.xsltc.runtime.SecuritySupport12$6,2,1,0,1,5,0,1,1,1,0.33333334,33,0.0,1,0.0,0.625,0,0,14.0,2,1.0,0,False
xalan,org.apache.xalan.xslt.SecuritySupport12$4,2,1,0,1,4,0,1,1,1,0.5,17,0.0,1,0.0,0.6666667,0,0,6.5,1,0.5,0,False
xalan,org.apache.xalan.xsltc.trax.TemplatesHandlerImpl,17,1,0,9,71,0,1,9,16,0.78125,336,1.0,3,0.0,0.22875817,0,0,18.411764,1,0.9411765,1,True
xalan,org.apache.xalan.xsltc.compiler.CastCall,3,4,0,17,19,1,0,17,3,0.5,107,1.0,1,0.97959185,0.44444445,3,14,34.0,1,0.6666667,0,False
xalan,org.apache.xalan.res.XSLTErrorResources_pl,5,3,0,1,16,8,0,1,3,1.2479508,4275,0.0,0,0.9268293,0.33333334,0,0,805.2,2,0.8,1,True
xalan,org.apache.xpath.compiler.SecuritySupport12$8,2,1,0,1,5,0,1,1,1,0.5,20,0.0,1,0.0,0.6666667,0,0,8.0,1,0.5,0,False
xalan,org.apache.xalan.xsltc.dom.NodeSortRecord,11,1,0,9,29,7,2,7,8,0.8066667,324,0.73333335,3,0.0,0.35,0,0,27.09091,5,1.2727273,0,False
xalan,org.apache.xalan.lib.sql.SQLQueryParser,13,1,0,6,46,8,2,5,9,0.71666664,528,0.7,0,0.0,0.22115384,0,0,38.846153,35,4.076923,0,False
xalan,org.apache.xalan.xsltc.compiler.XslAttribute,6,3,0,39,72,0,3,37,5,0.52,550,1.0,2,0.91803277,0.30555555,2,10,89.833336,30,7.5,1,True
xalan,org.apache.xalan.xsltc.cmdline.Transform,9,1,0,14,71,8,0,14,6,0.7625,670,1.0,1,0.0,0.27083334,0,0,72.333336,17,3.8888888,1,True
xalan,org.apache.xml.dtm.ref.DTMDefaultBaseIterators$DescendantIterator,5,3,2,5,13,0,3,3,4,0.0,145,0.0,1,0.7894737,0.53333336,2,6,27.8,9,3.4,0,False
xalan,org.apache.xml.res.XMLErrorResources_pt_BR,5,3,0,1,16,8,0,1,3,1.2435898,1171,0.0,0,0.9268293,0.33333334,0,0,217.6,2,0.8,1,True
xalan,org.apache.xalan.xsltc.compiler.util.ErrorMessages_zh_CN,3,3,0,0,4,1,0,0,2,0.5,1248,1.0,0,0.974359,1.0,0,0,414.66666,1,0.33333334,1,True
xalan,org.apache.xml.dtm.ref.DTMDefaultBaseIterators$AttributeIterator,3,3,0,3,11,0,1,3,3,0.0,58,0.0,1,0.88235295,0.5555556,2,4,18.0,3,1.6666666,0,False
xalan,org.apache.xml.utils.SecuritySupport12$6,2,1,0,1,5,0,1,1,1,0.33333334,33,0.0,1,0.0,0.625,0,0,14.0,2,1.0,0,False
xalan,org.apache.xalan.xsltc.trax.SecuritySupport,11,1,1,2,20,53,2,1,0,0.9,90,1.0,0,0.0,0.4,0,0,7.090909,2,0.90909094,0,False
xalan,org.apache.xalan.xsltc.trax.TrAXFilter,7,2,0,5,29,17,2,3,6,0.8888889,133,1.0,2,0.85,0.2857143,1,2,17.571428,2,1.0,1,True
xalan,org.apache.xalan.templates.ElemFallback,5,3,0,6,12,10,3,3,5,2.0,44,0.0,0,0.98,0.7,2,4,7.8,1,0.8,2,True
xalan,org.apache.xalan.res.XSLTErrorResources_zh_CN,5,3,0,1,16,8,0,1,3,1.2479508,4275,0.0,0,0.9268293,0.33333334,0,0,805.2,2,0.8,1,True
xalan,org.apache.xml.serializer.SecuritySupport12,9,2,0,9,23,36,9,9,0,2.0,82,0.0,0,0.5294118,0.44444445,0,0,8.111111,1,0.8888889,0,False
xalan,org.apache.xalan.templates.FuncFormatNumb,5,6,0,13,35,10,1,12,4,2.0,183,0.0,0,0.9411765,0.4,2,8,35.6,1,0.8,0,False
xalan,org.apache.xalan.extensions.ExtensionHandler,7,1,3,13,11,21,7,6,5,1.0,29,1.0,0,0.0,0.34920636,0,0,2.857143,1,0.85714287,1,True
xalan,org.apache.xml.dtm.ref.DTMDefaultBaseIterators$TypedNamespaceIterator,2,4,0,2,8,0,1,2,2,0.0,62,0.5,1,0.9444444,0.6666667,2,3,29.0,5,2.5,0,False
xalan,org.apache.xml.utils.SecuritySupport12$8,2,1,0,1,5,0,1,1,1,0.5,20,0.0,1,0.0,0.6666667,0,0,8.0,1,0.5,0,False
xalan,org.apache.xml.dtm.ref.sax2dtm.SAX2DTM2$ParentIterator,4,3,0,5,13,0,1,4,4,0.33333334,116,0.5,1,0.8333333,0.5833333,2,4,27.5,6,2.75,0,False
xalan,org.apache.xalan.xsltc.dom.DocumentCache,10,1,0,8,55,17,1,8,4,0.654321,425,1.0,1,0.0,0.275,0,0,40.6,9,2.2,1,True
xalan,org.apache.xpath.res.XPATHErrorResources_cs,5,3,0,1,16,8,0,1,3,1.2462963,2125,0.0,0,0.9268293,0.33333334,0,0,397.0,2,0.8,2,True
xalan,org.apache.xalan.xsltc.compiler.util.ErrorMessages_ja,3,3,0,0,4,1,0,0,2,0.5,1248,1.0,0,0.974359,1.0,0,0,414.66666,1,0.33333334,1,True
xalan,org.apache.xalan.xsltc.dom.DOMWSFilter,2,1,0,11,12,0,4,7,2,0.4,116,1.0,4,0.0,0.625,0,0,54.5,9,4.5,1,True
xalan,org.apache.xml.serializer.SerializerFactory,3,1,0,12,17,3,6,6,2,1.0,111,1.0,0,0.0,0.5,0,0,35.666668,6,2.0,2,True
xalan,org.apache.xalan.xsltc.compiler.Parser,76,1,0,97,205,2560,86,24,59,0.93377775,3305,1.0,9,0.0,0.09342105,0,0,42.092106,13,2.25,3,True
xalan,org.apache.xalan.xsltc.compiler.Template,25,3,0,27,85,172,10,22,24,0.8636364,589,1.0,4,0.71428573,0.14181818,2,8,22.12,13,2.28,1,True
xalan,org.apache.xml.dtm.ref.sax2dtm.SAX2DTM2$PrecedingSiblingIterator,4,3,1,6,14,0,2,4,4,0.5,112,0.5,1,0.8333333,0.5,2,5,26.5,7,2.75,0,False
xalan,org.apache.xpath.compiler.ObjectFactory,12,1,0,3,44,64,1,2,0,0.9818182,586,1.0,0,0.0,0.3181818,0,0,47.416668,8,1.8333334,1,True
xalan,org.apache.xpath.functions.SecuritySupport12$5,2,1,0,1,4,0,1,1,1,0.5,19,0.0,1,0.0,0.6666667,0,0,7.5,1,0.5,0,False
xalan,org.apache.xalan.trace.PrintTraceListener,9,1,0,19,59,16,1,18,9,0.78571427,680,0.0,0,0.0,0.2857143,0,0,73.77778,10,2.3333333,0,False
xalan,org.apache.xml.dtm.ref.DTMDefaultBaseTraversers$AllFromRootTraverser,6,6,1,4,13,0,2,3,4,0.0,101,0.0,1,0.82608694,0.5416667,2,2,15.666667,3,1.3333334,0,False
xalan,org.apache.xml.utils.PrefixResolverDefault,5,1,1,4,22,8,3,1,5,0.75,122,0.0,0,0.0,0.6,0,0,23.2,13,3.2,1,True
xalan,org.apache.xml.dtm.SecuritySupport12$1,2,1,0,1,5,1,1,1,1,1.0,18,0.0,1,0.0,0.75,0,0,7.5,1,0.5,0,False
xalan,org.apache.xml.utils.StylesheetPIHandler,8,2,0,4,28,6,2,2,8,0.7619048,471,0.0,0,0.7083333,0.4375,1,1,57.125,2,1.0,1,True
xalan,org.apache.xalan.xsltc.compiler.SecuritySupport12$2,2,1,0,1,4,1,1,1,1,1.0,17,0.0,1,0.0,0.75,0,0,7.0,1,0.5,0,False
xalan,org.apache.xalan.xsltc.compiler.util.SecuritySupport12$6,2,1,0,1,5,0,1,1,1,0.33333334,33,0.0,1,0.0,0.625,0,0,14.0,2,1.0,0,False
xalan,org.apache.xalan.extensions.ObjectFactory$ConfigurationError,2,3,0,2,3,0,2,0,0,0.0,13,1.0,0,0.9444444,0.6666667,0,0,5.0,1,0.5,0,False
xalan,org.apache.xml.dtm.ref.DTMDefaultBaseTraversers$AllFromNodeTraverser,3,5,1,4,8,1,2,3,1,0.0,45,0.0,1,0.94736844,0.5833333,2,2,13.666667,2,0.6666667,0,False
xalan,org.apache.xml.res.XMLErrorResources_cs,5,3,0,1,16,8,0,1,3,1.2435898,1171,0.0,0,0.9268293,0.33333334,0,0,217.6,2,0.8,1,True
xalan,org.apache.xalan.templates.ElemWithParam,12,3,0,21,39,14,2,19,11,0.8181818,195,0.5,2,0.9468599,0.19444445,2,10,14.916667,3,1.1666666,2,True
xalan,org.apache.xalan.xsltc.compiler.util.ErrorMessages_hu,3,3,0,0,4,1,0,0,2,0.5,1248,1.0,0,0.974359,1.0,0,0,414.66666,1,0.33333334,1,True
xalan,org.apache.xml.serializer.SecuritySupport12$2,2,1,0,1,4,1,1,1,1,1.0,17,0.0,1,0.0,0.75,0,0,7.0,1,0.5,0,False
xalan,org.apache.xalan.xsltc.compiler.util.SecuritySupport12$4,2,1,0,1,4,0,1,1,1,0.5,17,0.0,1,0.0,0.6666667,0,0,6.5,1,0.5,0,False
xalan,org.apache.xalan.xsltc.trax.TemplatesImpl$TransletClassLoader,2,2,0,2,4,1,2,0,0,2.0,14,0.0,0,0.9846154,0.6666667,1,1,6.0,1,0.5,0,False
xalan,org.apache.xml.utils.LocaleUtility,2,1,0,1,13,1,1,0,2,2.0,103,0.0,0,0.0,0.5,0,0,49.5,10,5.0,0,False
xalan,org.apache.xalan.xsltc.compiler.RelationalExpr,11,3,0,31,56,0,0,31,11,0.2,613,1.0,2,0.8765432,0.24675325,2,9,54.454544,7,2.5454545,1,True
xalan,org.apache.xalan.xsltc.trax.ObjectFactory,12,1,0,5,44,64,3,2,0,0.9818182,586,1.0,0,0.0,0.3181818,0,0,47.416668,8,1.8333334,0,False
xalan,org.apache.xalan.xsltc.dom.SimpleResultTreeImpl$SimpleIterator,7,2,0,3,11,0,1,3,7,0.7380952,215,0.0,1,0.7647059,0.61904764,1,4,28.714285,14,3.0,0,False
xalan,org.apache.xalan.templates.Stylesheet,75,3,1,43,122,2607,33,17,71,0.9667793,1155,0.9166667,4,0.7259259,0.07304348,3,19,14.08,16,1.84,0,False
xalan,org.apache.xml.serializer.SecuritySupport12$6,2,1,0,1,5,0,1,1,1,0.33333334,33,0.0,1,0.0,0.625,0,0,14.0,2,1.0,0,False
xalan,org.apache.xml.utils.StopParseException,1,4,0,3,2,0,3,0,0,2.0,5,0.0,0,1.0,1.0,0,0,4.0,0,0.0,0,False
xalan,org.apache.xml.serializer.ToHTMLStream,38,3,0,15,120,509,2,13,27,0.88030887,2737,0.85714287,3,0.82439023,0.18427518,3,32,70.8421,3,1.1052631,5,True
xalan,org.apache.xalan.xsltc.compiler.SecuritySupport12$4,2,1,0,1,4,0,1,1,1,0.5,17,0.0,1,0.0,0.6666667,0,0,6.5,1,0.5,0,False
xalan,org.apache.xpath.res.XPATHErrorResources_ca,5,3,0,1,16,8,0,1,3,1.2462963,2125,0.0,0,0.9268293,0.33333334,0,0,397.0,2,0.8,2,True
xalan,org.apache.xpath.res.XPATHErrorResources_pl,5,3,0,1,16,8,0,1,3,1.2462963,2125,0.0,0,0.9268293,0.33333334,0,0,397.0,2,0.8,2,True
xalan,org.apache.xalan.lib.sql.SecuritySupport12$4,2,1,0,1,4,0,1,1,1,0.5,17,0.0,1,0.0,0.6666667,0,0,6.5,1,0.5,0,False
xalan,org.apache.xml.dtm.ref.sax2dtm.SAX2DTM2$TypedAncestorIterator,4,4,0,5,13,0,1,4,4,0.6666667,234,0.5,1,0.88461536,0.6666667,3,10,57.0,16,5.0,0,False
xalan,org.apache.xml.utils.XMLReaderManager,5,1,0,4,21,6,4,0,3,0.9583333,135,1.0,1,0.0,0.5,0,0,24.8,2,0.8,2,True
xalan,org.apache.xalan.xslt.SecuritySupport12$3,2,1,0,1,4,0,1,1,1,0.5,29,0.0,1,0.0,0.6666667,0,0,12.5,2,1.0,0,False
xalan,org.apache.xpath.compiler.SecuritySupport12,9,2,0,9,23,36,9,9,0,2.0,82,0.0,0,0.5294118,0.44444445,0,0,8.111111,1,0.8888889,1,True
xalan,org.apache.xpath.functions.SecuritySupport12$7,2,1,0,1,5,0,1,1,1,0.5,20,0.0,1,0.0,0.6666667,0,0,8.0,1,0.5,0,False
xalan,org.apache.xml.serializer.ToTextSAXHandler,41,3,0,4,56,784,2,2,41,2.0,223,0.0,0,0.74,0.15384616,2,9,4.4390244,1,0.9512195,2,True
xalan,org.apache.xalan.xsltc.compiler.XSLTC,60,1,0,25,152,1408,21,8,53,0.90334404,1394,0.8378378,3,0.0,0.11547619,0,0,21.616667,15,1.75,2,True
xalan,org.apache.xalan.xsltc.dom.SecuritySupport12$3,2,1,0,1,4,0,1,1,1,0.5,29,0.0,1,0.0,0.6666667,0,0,12.5,2,1.0,0,False
xalan,org.apache.xpath.functions.SecuritySupport12$2,2,1,0,1,4,1,1,1,1,1.0,17,0.0,1,0.0,0.75,0,0,7.0,1,0.5,0,False
xalan,org.apache.xalan.res.XSLTErrorResources,5,3,2,18,16,8,18,0,3,1.2479838,4331,0.0,0,0.9268293,0.33333334,0,0,815.6,2,0.8,6,True
xalan,org.apache.xalan.templates.OutputProperties,35,3,0,14,77,323,8,7,35,0.20588236,571,1.0,0,0.8596491,0.23492064,0,0,15.285714,16,2.0285714,0,False
xalan,org.apache.xalan.processor.ProcessorUnknown,1,6,0,2,2,0,1,1,1,2.0,4,0.0,0,1.0,1.0,0,0,3.0,0,0.0,0,False
xalan,org.apache.xml.res.XMLErrorResources_fr,5,3,0,1,16,8,0,1,3,1.2435898,1171,0.0,0,0.9268293,0.33333334,0,0,217.6,2,0.8,1,True
xalan,org.apache.xalan.templates.ElemUse,7,3,4,9,15,0,4,6,6,0.16666667,121,1.0,1,0.97029704,0.42857143,0,0,16.142857,2,1.0,1,True
xalan,org.apache.xalan.xsltc.dom.DupFilterIterator,8,2,0,6,25,0,1,5,8,0.47619048,195,1.0,2,0.65,0.34375,1,5,22.625,6,1.625,0,False
xalan,org.apache.xalan.xsltc.compiler.AttributeSet,8,3,0,26,59,6,3,25,7,0.8095238,314,1.0,3,0.8955224,0.3,2,5,37.5,9,2.5,1,True
xalan,org.apache.xalan.xsltc.compiler.util.ErrorMessages_tr,3,3,0,0,4,1,0,0,2,0.5,1248,1.0,0,0.974359,1.0,0,0,414.66666,1,0.33333334,1,True
xalan,org.apache.xalan.xsltc.trax.XSLTCSource,5,1,0,11,22,0,1,10,4,0.16666667,153,1.0,0,0.0,0.4,0,0,29.0,2,1.0,0,False
xalan,org.apache.xalan.res.XSLTErrorResources_tr,5,3,0,1,16,8,0,1,3,1.2479508,4275,0.0,0,0.9268293,0.33333334,0,0,805.2,2,0.8,1,True
xalan,org.apache.xml.serializer.ToSAXHandler,27,2,3,8,49,207,4,4,22,0.71153843,363,1.0,1,0.7837838,0.17171717,1,7,12.296296,3,1.0,3,True
xalan,org.apache.xml.dtm.ref.DTMDefaultBaseIterators$SingletonIterator,6,3,2,6,10,3,4,3,6,0.2,106,0.5,1,0.8333333,0.5416667,2,6,16.333334,5,1.3333334,0,False
xalan,org.apache.xalan.xsltc.compiler.BooleanCall,3,4,0,8,11,0,0,8,3,0.0,51,1.0,1,0.97959185,0.44444445,3,13,15.666667,2,1.0,0,False
xalan,org.apache.xalan.xsltc.cmdline.SecuritySupport,11,1,1,2,20,53,2,1,0,0.9,90,1.0,0,0.0,0.4,0,0,7.090909,2,0.90909094,0,False
xalan,org.apache.xpath.functions.FuncSystemProperty,4,4,0,10,28,4,0,10,3,0.6666667,191,0.0,0,0.96,0.5,2,8,46.5,1,0.5,2,True
xalan,org.apache.xml.dtm.ref.DTMDefaultBaseIterators$InternalAxisIteratorBase,3,2,31,33,4,1,31,2,3,0.75,21,0.5,1,0.8666667,0.6666667,1,2,5.3333335,1,0.6666667,0,False
xalan,org.apache.xalan.xsltc.compiler.util.AttributeSetMethodGenerator,8,5,0,11,15,18,1,10,7,0.96103895,120,1.0,0,0.9583333,0.47619048,1,2,12.625,1,0.75,0,False
xalan,org.apache.xalan.xsltc.dom.SAXImpl$NamespaceChildrenIterator,3,3,0,4,13,0,1,4,3,0.25,93,0.5,1,0.88235295,0.6666667,2,4,29.333334,5,3.0,0,False
xalan,org.apache.xalan.xsltc.cmdline.SecuritySupport12$7,2,1,0,1,5,0,1,1,1,0.5,20,0.0,1,0.0,0.6666667,0,0,8.0,1,0.5,0,False
xalan,org.apache.xalan.xsltc.compiler.ObjectFactory,12,1,0,5,44,64,3,2,0,0.9818182,586,1.0,0,0.0,0.3181818,0,0,47.416668,8,1.8333334,0,False
xalan,org.apache.xml.serializer.ExtendedContentHandler,16,1,0,2,16,120,1,1,16,1.0666667,19,0.0,0,0.0,0.35416666,0,0,0.0,1,1.0,2,True
xalan,org.apache.xpath.functions.SecuritySupport12$3,2,1,0,1,4,0,1,1,1,0.5,29,0.0,1,0.0,0.6666667,0,0,12.5,2,1.0,0,False
xalan,org.apache.xml.dtm.ref.EmptyIterator,15,1,0,3,16,103,2,1,13,0.9285714,47,1.0,1,0.0,0.3809524,0,0,2.0666666,1,0.8666667,0,False
xalan,org.apache.xalan.xsltc.cmdline.SecuritySupport12$4,2,1,0,1,4,0,1,1,1,0.5,17,0.0,1,0.0,0.6666667,0,0,6.5,1,0.5,0,False
xalan,org.apache.xalan.transformer.NodeSorter$NodeCompareElem,1,1,0,8,14,0,1,8,0,2.0,114,0.0,1,0.0,1.0,0,0,108.0,0,0.0,0,False
xalan,org.apache.xalan.xsltc.compiler.util.Type,35,1,10,113,56,587,104,20,34,0.99134946,339,0.0,17,0.0,0.20261438,0,0,8.2,3,1.1142857,0,False
xalan,org.apache.xpath.compiler.FuncLoader,3,1,0,5,12,0,2,3,3,0.5,46,1.0,0,0.0,0.5555556,0,0,13.666667,1,0.6666667,1,True
xalan,org.apache.xalan.xsltc.dom.SAXImpl$NamespaceAttributeIterator,3,3,0,4,10,0,1,4,3,0.0,98,0.5,1,0.88235295,0.6666667,2,4,31.0,5,3.0,0,False
xalan,org.apache.xalan.xsltc.trax.TemplatesImpl$1,2,1,0,3,5,1,1,3,1,1.0,14,0.0,1,0.0,0.75,0,0,5.5,1,0.5,0,False
xalan,org.apache.xalan.res.XSLTErrorResources_zh_TW,5,3,0,1,16,8,0,1,3,1.2479508,4275,0.0,0,0.9268293,0.33333334,0,0,805.2,2,0.8,1,True
xalan,org.apache.xalan.lib.sql.SecuritySupport12$5,2,1,0,1,4,0,1,1,1,0.5,19,0.0,1,0.0,0.6666667,0,0,7.5,1,0.5,0,False
xalan,org.apache.xml.dtm.DTM,67,1,0,95,67,2211,92,4,67,1.0151515,83,0.0,0,0.0,0.24253732,0,0,0.0,1,1.0,1,True
xalan,org.apache.xalan.xsltc.runtime.ErrorMessages_it,3,3,0,0,4,1,0,0,2,0.5,234,1.0,0,0.974359,1.0,0,0,76.666664,1,0.33333334,1,True
xalan,org.apache.xml.dtm.ref.DTMDefaultBase,94,1,1,16,141,4141,4,13,68,0.9223417,2326,0.7777778,14,0.0,0.17383513,0,0,23.457447,15,2.468085,3,True
xalan,org.apache.xalan.client.XSLTProcessorApplet$TrustedAgent,2,1,0,1,14,0,1,1,1,0.0,133,0.0,1,0.0,0.75,0,0,64.0,3,1.5,0,False
xalan,org.apache.xml.utils.SecuritySupport12$1,2,1,0,1,5,1,1,1,1,1.0,18,0.0,1,0.0,0.75,0,0,7.5,1,0.5,0,False
xalan,org.apache.xalan.xsltc.compiler.util.IntType,27,3,0,46,60,347,8,40,26,2.0,407,0.0,0,0.57377046,0.2020202,1,3,14.074074,9,1.6666666,0,False
xalan,org.apache.xml.dtm.ref.DTMDefaultBaseIterators$ParentIterator,4,3,0,3,11,0,1,3,4,0.33333334,83,0.5,1,0.8333333,0.5833333,2,4,19.25,5,2.25,0,False
xalan,org.apache.xalan.xsltc.runtime.ObjectFactory$ConfigurationError,2,3,0,1,3,0,1,0,0,0.0,13,1.0,0,0.9444444,0.6666667,0,0,5.0,1,0.5,0,False
xalan,org.apache.xml.utils.SecuritySupport12$4,2,1,0,1,4,0,1,1,1,0.5,17,0.0,1,0.0,0.6666667,0,0,6.5,1,0.5,0,False
xalan,org.apache.xalan.templates.ElemForEach,18,3,1,24,82,79,5,20,17,0.7529412,486,0.6,2,0.9201878,0.13675214,2,6,25.722221,4,1.2777778,2,True
xalan,org.apache.xalan.xsltc.runtime.Constants,0,1,0,1,0,0,1,0,0,2.0,14,0.0,0,0.0,0.0,0,0,0.0,0,0.0,0,False
xalan,org.apache.xml.dtm.ref.DTMDefaultBaseTraversers$AttributeTraverser,4,2,0,3,8,0,1,3,2,0.0,59,0.0,1,0.6666667,0.5625,1,1,13.5,4,1.5,0,False
xalan,org.apache.xalan.lib.sql.DefaultConnectionPool,19,1,0,6,46,51,1,5,16,0.7638889,405,1.0,0,0.0,0.21804512,0,0,19.894737,3,1.2631578,0,False
xalan,org.apache.xalan.templates.RedundentExprEliminator$MultistepExprHolder,6,1,0,2,15,0,1,2,1,0.6,183,0.0,3,0.0,0.43333334,0,0,28.833334,4,2.3333333,0,False
xalan,org.apache.xalan.res.XSLTErrorResources_es,5,3,0,1,16,8,0,1,3,1.2479508,4275,0.0,0,0.9268293,0.33333334,0,0,805.2,2,0.8,1,True
xalan,org.apache.xalan.transformer.NodeSorter,4,1,0,9,28,2,2,8,2,0.33333334,475,0.0,1,0.0,0.5833333,0,0,117.25,1,0.75,0,False
xalan,org.apache.xalan.xslt.SecuritySupport12$2,2,1,0,1,4,1,1,1,1,1.0,17,0.0,1,0.0,0.75,0,0,7.0,1,0.5,0,False
xalan,org.apache.xml.dtm.ref.DTMDefaultBaseTraversers$SelfTraverser,6,2,0,3,8,13,1,3,4,0.6,33,0.0,1,0.5,0.5416667,1,1,4.3333335,2,0.8333333,0,False
xalan,org.apache.xalan.xsltc.runtime.SecuritySupport12$1,2,1,0,1,5,1,1,1,1,1.0,18,0.0,1,0.0,0.75,0,0,7.5,1,0.5,0,False
xalan,org.apache.xalan.xsltc.compiler.LiteralAttribute,8,3,0,20,35,0,2,19,6,0.42857143,208,1.0,1,0.8888889,0.26785713,1,4,24.75,9,2.75,0,False
xalan,org.apache.xalan.xsltc.dom.CachedNodeListIterator,11,2,0,4,21,23,1,4,11,0.64,135,1.0,2,0.5652174,0.36363637,1,6,10.818182,4,1.3636364,0,False
xalan,org.apache.xalan.xsltc.compiler.NameBase,5,4,3,17,21,0,3,14,5,0.25,149,1.0,2,0.969697,0.36666667,3,14,28.4,4,1.2,0,False
xalan,org.apache.xpath.compiler.SecuritySupport12$4,2,1,0,1,4,0,1,1,1,0.5,17,0.0,1,0.0,0.6666667,0,0,6.5,1,0.5,0,False
xalan,org.apache.xalan.xsltc.dom.DOMAdapter,58,1,0,12,117,0,5,7,54,0.8406433,598,1.0,3,0.0,0.19482759,0,0,9.103448,3,1.362069,0,False
xalan,org.apache.xpath.compiler.SecuritySupport12$7,2,1,0,1,5,0,1,1,1,0.5,20,0.0,1,0.0,0.6666667,0,0,8.0,1,0.5,0,False
xalan,org.apache.xalan.lib.sql.SecuritySupport12$8,2,1,0,1,5,0,1,1,1,0.5,20,0.0,1,0.0,0.6666667,0,0,8.0,1,0.5,0,False
xalan,org.apache.xml.serializer.ElemContext,5,1,0,8,6,0,7,1,0,0.35,123,0.1,3,0.0,0.46666667,0,0,21.6,2,1.0,0,False
xalan,org.apache.xpath.res.XPATHErrorResources_tr,5,3,0,1,16,8,0,1,3,1.2462963,2125,0.0,0,0.9268293,0.33333334,0,0,397.0,2,0.8,2,True
xalan,org.apache.xalan.templates.ElemElement,12,4,1,16,47,18,2,14,9,0.54545456,331,1.0,2,0.9483568,0.22916667,2,6,26.416666,4,1.1666666,2,True
xalan,org.apache.xalan.lib.sql.SQLErrorDocument,5,5,0,4,18,0,1,3,3,0.6166667,353,1.0,0,0.9895288,0.4857143,1,1,66.6,2,0.6,0,False
xalan,org.apache.xalan.xsltc.runtime.ErrorMessages_pl,3,3,0,0,4,1,0,0,2,0.5,234,1.0,0,0.974359,1.0,0,0,76.666664,1,0.33333334,1,True
xalan,org.apache.xalan.xsltc.compiler.PositionCall,3,4,0,13,12,3,1,12,3,2.0,56,0.0,0,0.97959185,0.5,2,4,17.666666,3,1.3333334,0,False
xalan,org.apache.xml.dtm.ref.SecuritySupport12$1,2,1,0,1,5,1,1,1,1,1.0,18,0.0,1,0.0,0.75,0,0,7.5,1,0.5,0,False
xalan,org.apache.xml.res.XMLErrorResources,5,3,2,18,16,8,18,0,3,1.24375,1199,0.0,0,0.9268293,0.33333334,0,0,222.8,2,0.8,2,True
xalan,org.apache.xml.dtm.ref.sax2dtm.SAX2DTM2,37,5,1,34,111,284,20,14,26,0.7979798,2307,1.0,2,0.8308458,0.20601852,2,33,60.756756,20,3.5135136,3,True
xalan,org.apache.xalan.xslt.EnvironmentCheck,19,1,0,2,73,161,1,1,5,0.98333335,2178,0.2,0,0.0,0.25308642,0,0,113.10526,9,3.5789473,1,True
xalan,org.apache.xalan.xsltc.compiler.VariableBase,20,3,2,35,72,120,14,24,19,0.91093117,404,1.0,3,0.75949365,0.1875,1,4,18.55,7,1.8,1,True
xalan,org.apache.xalan.xsltc.compiler.SecuritySupport12$1,2,1,0,1,5,1,1,1,1,1.0,18,0.0,1,0.0,0.75,0,0,7.5,1,0.5,0,False
xalan,org.apache.xalan.lib.SecuritySupport12$1,2,1,0,1,5,1,1,1,1,1.0,18,0.0,1,0.0,0.75,0,0,7.5,1,0.5,0,False
xalan,org.apache.xalan.xsltc.compiler.Number,15,3,0,53,104,23,2,52,9,0.79831934,1308,1.0,8,0.8115942,0.21428572,2,3,85.066666,14,3.1333334,1,True
xalan,org.apache.xml.serializer.ToXMLStream,16,3,0,10,82,52,2,8,13,0.8666667,616,0.5,1,0.92349726,0.4,3,30,37.375,2,0.9375,5,True
xalan,org.apache.xpath.functions.SecuritySupport12,9,2,0,9,23,36,9,9,0,2.0,82,0.0,0,0.5294118,0.44444445,0,0,8.111111,1,0.8888889,0,False
xalan,org.apache.xalan.xsltc.compiler.FunctionCall,27,3,24,69,150,97,25,44,15,0.91466343,2553,0.96875,4,0.7473684,0.13017751,3,11,92.37037,21,3.4814816,2,True
xalan,org.apache.xml.dtm.ref.DTMDefaultBaseTraversers$AncestorTraverser,4,2,1,5,9,0,2,4,2,0.0,48,0.0,1,0.6666667,0.5625,1,1,10.75,3,1.0,0,False
xalan,org.apache.xalan.xsltc.runtime.SecuritySupport12$5,2,1,0,1,4,0,1,1,1,0.5,19,0.0,1,0.0,0.6666667,0,0,7.5,1,0.5,0,False
xalan,org.apache.xml.serializer.NamespaceMappings,10,1,0,14,36,0,14,0,9,0.6481481,301,1.0,0,0.0,0.425,0,0,28.5,5,2.0,2,True
xalan,org.apache.xalan.xsltc.dom.SAXImpl$TypedNamespaceIterator,2,4,0,4,11,0,1,4,2,0.0,55,0.5,1,0.9444444,0.6666667,1,2,25.5,5,2.5,0,False
xalan,org.apache.xalan.xsltc.runtime.SecuritySupport12$4,2,1,0,1,4,0,1,1,1,0.5,17,0.0,1,0.0,0.6666667,0,0,6.5,1,0.5,0,False
xalan,org.apache.xpath.res.XPATHErrorResources_pt_BR,5,3,0,1,16,8,0,1,3,1.2462963,2125,0.0,0,0.9268293,0.33333334,0,0,397.0,2,0.8,2,True
xalan,org.apache.xalan.templates.ElemExsltFuncResult,4,4,0,9,15,6,3,6,4,2.0,49,0.0,0,0.98636365,0.625,3,7,11.25,1,0.75,1,True
xalan,org.apache.xml.dtm.SecuritySupport,11,1,1,2,20,53,2,1,0,0.9,90,1.0,0,0.0,0.4,0,0,7.090909,2,0.90909094,0,False
xalan,org.apache.xml.dtm.ref.DTMDefaultBaseIterators$RootIterator,3,3,2,5,7,0,3,3,3,0.5,44,0.0,1,0.88235295,0.5555556,2,4,13.333333,2,1.3333334,0,False
xalan,org.apache.xpath.functions.FuncCurrent,3,3,0,11,12,3,1,10,3,2.0,46,0.0,0,0.95,0.5,1,6,14.333333,1,0.6666667,0,False
xalan,org.apache.xml.dtm.ref.DTMDefaultBaseIterators$NthDescendantIterator,2,4,0,3,9,0,1,2,2,0.0,66,0.0,1,0.95,0.6666667,1,1,31.0,5,2.5,0,False
xalan,org.apache.xalan.xsltc.dom.SimpleResultTreeImpl,111,2,1,21,139,6045,5,18,110,0.9685315,842,0.7692308,3,0.47087377,0.14415585,0,0,6.4684687,4,1.1621622,1,True
xalan,org.apache.xml.res.XMLErrorResources_ja,5,3,0,1,16,8,0,1,3,1.2435898,1171,0.0,0,0.9268293,0.33333334,0,0,217.6,2,0.8,1,True
xalan,org.apache.xml.dtm.ref.sax2dtm.SAX2DTM2$TypedChildrenIterator,4,3,0,5,13,0,1,4,4,0.16666667,183,0.5,1,0.8333333,0.6666667,2,4,44.25,9,5.25,0,False
xalan,org.apache.xalan.xslt.ObjectFactory,12,1,0,4,44,64,2,2,0,0.9818182,586,1.0,0,0.0,0.3181818,0,0,47.416668,8,1.8333334,0,False
xalan,org.apache.xalan.xsltc.compiler.NumberCall,3,4,0,11,15,3,0,11,3,2.0,59,0.0,0,0.97959185,0.44444445,3,13,18.666666,3,1.3333334,0,False
xalan,org.apache.xml.dtm.ref.DTMDefaultBaseTraversers$ParentTraverser,6,2,0,4,11,9,1,4,4,0.4,54,0.0,1,0.5,0.5416667,1,1,7.8333335,3,1.0,0,False
xalan,org.apache.xalan.xsltc.compiler.Import,5,3,0,15,39,4,0,15,4,0.5,225,1.0,1,0.9375,0.36,2,5,43.8,12,3.0,0,False
xalan,org.apache.xml.serializer.Encodings,11,1,0,10,49,31,5,5,8,0.925,429,0.5,1,0.0,0.26666668,0,0,37.272728,12,3.1818182,3,True
xalan,org.apache.xalan.xsltc.compiler.SecuritySupport12$3,2,1,0,1,4,0,1,1,1,0.5,29,0.0,1,0.0,0.6666667,0,0,12.5,2,1.0,0,False
xalan,org.apache.xml.dtm.ref.SecuritySupport12,9,2,0,9,23,36,9,9,0,2.0,82,0.0,0,0.5294118,0.44444445,0,0,8.111111,1,0.8888889,0,False
xalan,org.apache.xalan.res.XSLTErrorResources_ja,5,3,0,1,16,8,0,1,3,1.2479508,4275,0.0,0,0.9268293,0.33333334,0,0,805.2,2,0.8,1,True
xalan,org.apache.xalan.xsltc.trax.SecuritySupport12$1,2,1,0,1,5,1,1,1,1,1.0,18,0.0,1,0.0,0.75,0,0,7.5,1,0.5,0,False
xalan,org.apache.xalan.templates.ElemAttribute,9,5,0,10,31,36,2,8,6,2.0,173,0.0,0,0.9638009,0.3148148,4,10,18.222221,16,3.0,2,True
xalan,org.apache.xalan.xsltc.compiler.SecuritySupport12$7,2,1,0,1,5,0,1,1,1,0.5,20,0.0,1,0.0,0.6666667,0,0,8.0,1,0.5,0,False
xalan,org.apache.xalan.xsltc.compiler.UnaryOpExpr,7,3,0,13,30,0,0,13,7,0.0,106,1.0,1,0.9220779,0.2857143,2,8,14.0,1,0.85714287,0,False
xalan,org.apache.xml.res.XMLErrorResources_de,5,3,0,1,16,8,0,1,3,1.2435898,1171,0.0,0,0.9268293,0.33333334,0,0,217.6,2,0.8,1,True
xalan,org.apache.xml.dtm.ref.SecuritySupport12$3,2,1,0,1,4,0,1,1,1,0.5,29,0.0,1,0.0,0.6666667,0,0,12.5,2,1.0,0,False
xalan,org.apache.xalan.xsltc.compiler.util.SecuritySupport12$2,2,1,0,1,4,1,1,1,1,1.0,17,0.0,1,0.0,0.75,0,0,7.0,1,0.5,0,False
xalan,org.apache.xml.serializer.SecuritySupport12$3,2,1,0,1,4,0,1,1,1,0.5,29,0.0,1,0.0,0.6666667,0,0,12.5,2,1.0,0,False
xalan,org.apache.xalan.res.XSLTErrorResources_it,5,3,0,1,16,8,0,1,3,1.2479508,4275,0.0,0,0.9268293,0.33333334,0,0,805.2,2,0.8,1,True
xalan,org.apache.xalan.xsltc.compiler.StepPattern,20,6,1,53,102,50,8,46,13,0.83157897,1167,1.0,1,0.83898306,0.225,3,8,56.85,8,2.6,2,True
xalan,org.apache.xpath.res.XPATHErrorResources_ru,5,3,0,1,16,8,0,1,3,1.2462963,2125,0.0,0,0.9268293,0.33333334,0,0,397.0,2,0.8,2,True
xalan,org.apache.xml.dtm.ref.DTMDefaultBaseIterators$TypedAttributeIterator,3,3,0,3,7,0,1,3,3,0.5,44,0.5,1,0.88235295,0.6666667,2,4,13.0,2,1.0,0,False
xalan,org.apache.xml.dtm.SecuritySupport12$5,2,1,0,1,4,0,1,1,1,0.5,19,0.0,1,0.0,0.6666667,0,0,7.5,1,0.5,0,False
xalan,org.apache.xalan.xsltc.compiler.util.StringType,18,2,0,41,43,133,18,27,17,2.0,271,0.0,0,0.66,0.28395063,2,4,14.055555,5,1.3333334,0,False
xalan,org.apache.xpath.axes.UnionChildIterator,4,7,0,9,17,0,1,8,4,0.0,144,1.0,0,0.97794116,0.5,3,4,34.75,5,2.5,0,False
xalan,org.apache.xalan.xsltc.compiler.util.SecuritySupport12$8,2,1,0,1,5,0,1,1,1,0.5,20,0.0,1,0.0,0.6666667,0,0,8.0,1,0.5,0,False
xalan,org.apache.xalan.res.XSLTErrorResources_ko,5,3,0,1,16,8,0,1,3,1.2479508,4275,0.0,0,0.9268293,0.33333334,0,0,805.2,2,0.8,1,True
xalan,org.apache.xml.utils.synthetic.TestDriver$1,0,1,0,2,0,0,2,0,0,2.0,0,0.0,0,0.0,0.0,0,0,0.0,0,0.0,0,False
xalan,org.apache.xalan.xsltc.compiler.VariableRef,2,4,0,17,25,1,1,16,2,2.0,137,0.0,0,0.987013,0.625,2,3,67.5,9,4.5,0,False
xalan,org.apache.xml.utils.BoolStack,14,1,0,7,17,0,7,0,13,0.3846154,165,1.0,0,0.0,0.4047619,0,0,10.571428,2,1.2142857,0,False
xalan,org.apache.xml.dtm.ref.DTMDefaultBaseIterators$ChildrenIterator,3,3,0,3,11,0,1,3,3,0.0,64,0.0,1,0.88235295,0.5555556,2,4,20.0,4,2.0,0,False
xalan,org.apache.xpath.res.XPATHErrorResources_ja,5,3,0,1,16,8,0,1,3,1.2462963,2125,0.0,0,0.9268293,0.33333334,0,0,397.0,2,0.8,2,True
xalan,org.apache.xalan.lib.ObjectFactory$ConfigurationError,2,3,0,1,3,0,1,0,0,0.0,13,1.0,0,0.9444444,0.6666667,0,0,5.0,1,0.5,0,False
xalan,org.apache.xalan.xsltc.compiler.LiteralElement,18,3,0,44,93,95,6,43,11,0.8333333,943,1.0,1,0.7671233,0.18888889,2,9,51.055557,24,5.7777777,0,False
xalan,org.apache.xalan.xsltc.trax.SecuritySupport12$2,2,1,0,1,4,1,1,1,1,1.0,17,0.0,1,0.0,0.75,0,0,7.0,1,0.5,0,False
xalan,org.apache.xalan.templates.ElemVariable,23,3,3,35,76,161,18,23,20,0.8272727,417,0.8,2,0.9032258,0.16956522,2,16,16.913044,4,1.1304348,2,True
xalan,org.apache.xalan.xsltc.compiler.KeyCall,4,4,0,32,45,0,0,32,3,0.083333336,524,1.0,4,0.969697,0.45833334,3,7,129.0,8,2.5,1,True
xalan,org.apache.xalan.processor.StylesheetHandler,70,2,0,44,152,2107,22,25,33,0.9381271,1322,0.7307692,5,0.2,0.10869565,1,1,17.514286,7,1.3,4,True
xalan,org.apache.xalan.xsltc.cmdline.SecuritySupport12$5,2,1,0,1,4,0,1,1,1,0.5,19,0.0,1,0.0,0.6666667,0,0,7.5,1,0.5,0,False
xalan,org.apache.xalan.xsltc.runtime.ErrorMessages_zh_CN,3,3,0,0,4,1,0,0,2,0.5,234,1.0,0,0.974359,1.0,0,0,76.666664,1,0.33333334,1,True
xalan,org.apache.xml.res.XMLErrorResources_it,5,3,0,1,16,8,0,1,3,1.2435898,1171,0.0,0,0.9268293,0.33333334,0,0,217.6,2,0.8,1,True
xalan,org.apache.xml.serializer.SecuritySupport12$4,2,1,0,1,4,0,1,1,1,0.5,17,0.0,1,0.0,0.6666667,0,0,6.5,1,0.5,0,False
xalan,org.apache.xml.utils.SystemIDResolver,9,1,0,22,34,36,20,2,6,2.0,341,0.0,0,0.0,0.5,0,0,36.88889,9,4.111111,0,False
xalan,org.apache.xpath.res.XPATHErrorResources_fr,5,3,0,1,16,8,0,1,3,1.2462963,2125,0.0,0,0.9268293,0.33333334,0,0,397.0,2,0.8,2,True
xalan,org.apache.xalan.xsltc.compiler.LogicalExpr,11,3,0,18,43,0,0,18,10,0.6333333,375,0.6666667,2,0.8875,0.25714287,2,9,32.545456,8,2.4545455,0,False
xalan,org.apache.xalan.xsltc.dom.SecuritySupport12$6,2,1,0,1,5,0,1,1,1,0.33333334,33,0.0,1,0.0,0.625,0,0,14.0,2,1.0,0,False
xalan,org.apache.xalan.lib.SecuritySupport12$4,2,1,0,1,4,0,1,1,1,0.5,17,0.0,1,0.0,0.6666667,0,0,6.5,1,0.5,0,False
xalan,org.apache.xml.dtm.ref.DTMDefaultBaseTraversers$PrecedingTraverser,5,2,0,4,10,0,1,4,2,0.0,117,0.0,1,0.5714286,0.55,1,1,22.2,5,2.4,0,False
xalan,org.apache.xpath.functions.SecuritySupport12$4,2,1,0,1,4,0,1,1,1,0.5,17,0.0,1,0.0,0.6666667,0,0,6.5,1,0.5,0,False
xalan,org.apache.xalan.xsltc.dom.AdaptiveResultTreeImpl,122,3,0,16,346,0,2,15,119,0.8075561,1640,1.0,3,0.63190186,0.13553719,1,18,12.385246,2,1.7540984,0,False
xalan,org.apache.xml.utils.SecuritySupport12,9,2,0,9,23,36,9,9,0,2.0,82,0.0,0,0.5294118,0.44444445,0,0,8.111111,1,0.8888889,0,False
xalan,org.apache.xml.serializer.Encodings$1,2,1,0,1,7,1,1,0,1,2.0,27,0.0,0,0.0,1.0,0,0,12.5,1,0.5,0,False
xalan,org.apache.xml.serializer.WriterToUTF8Buffered,10,2,0,1,16,0,1,0,9,0.537037,703,1.0,0,0.59090906,0.36,1,2,68.7,1,0.9,1,True
xalan,org.apache.xalan.extensions.ExtensionHandlerJavaClass,6,3,0,12,48,0,0,12,6,0.2,861,1.0,0,0.61538464,0.3888889,2,6,142.16667,6,2.0,3,True
xalan,org.apache.xpath.functions.SecuritySupport12$1,2,1,0,1,5,1,1,1,1,1.0,18,0.0,1,0.0,0.75,0,0,7.5,1,0.5,0,False
xalan,org.apache.xalan.templates.TemplateList,22,1,0,18,74,121,3,17,9,0.6802721,959,0.85714287,4,0.0,0.18095239,0,0,42.272728,19,3.1363637,2,True
xalan,org.apache.xalan.xsltc.compiler.FunctionCall$JavaType,2,1,0,1,4,0,1,0,2,0.5,18,0.0,0,0.0,0.625,0,0,7.0,1,0.5,0,False
xalan,org.apache.xalan.xsltc.compiler.util.SecuritySupport12,9,2,0,9,23,36,9,9,0,2.0,82,0.0,0,0.5294118,0.44444445,0,0,8.111111,1,0.8888889,0,False
xalan,org.apache.xalan.xsltc.dom.SimpleResultTreeImpl$1,10,2,0,3,11,45,1,2,9,2.0,28,0.0,0,0.59090906,0.4,1,7,1.8,1,0.9,0,False
xalan,org.apache.xalan.xsltc.compiler.Output,9,3,0,20,50,0,2,20,8,0.85833335,786,1.0,0,0.88235295,0.25925925,3,8,84.666664,35,6.0,1,True
xalan,org.apache.xalan.xsltc.dom.SAXImpl,81,6,0,58,232,3062,11,54,66,0.96293104,2222,1.0,5,0.7214286,0.12916666,3,8,26.074074,10,2.0370371,1,True
xalan,org.apache.xalan.extensions.SecuritySupport12$6,2,1,0,1,5,0,1,1,1,0.33333334,33,0.0,1,0.0,0.625,0,0,14.0,2,1.0,0,False
xalan,org.apache.xpath.compiler.SecuritySupport,11,1,1,2,20,53,2,1,0,0.9,90,1.0,0,0.0,0.4,0,0,7.090909,2,0.90909094,1,True
xalan,org.apache.xml.serializer.Utils,2,1,0,1,6,1,0,1,0,2.0,25,0.0,0,0.0,0.5,0,0,11.5,1,0.5,0,False
xalan,org.apache.xalan.xsltc.compiler.DocumentCall,3,4,0,21,26,0,0,21,3,0.16666667,246,1.0,3,0.97959185,0.44444445,3,14,80.0,4,1.6666666,0,False
xalan,org.apache.xalan.extensions.ExtensionNamespacesManager,9,1,0,7,29,12,5,2,8,0.625,605,1.0,0,0.0,0.41666666,0,0,65.888885,7,2.5555556,0,False
xalan,org.apache.xml.serializer.SecuritySupport12$1,2,1,0,1,5,1,1,1,1,1.0,18,0.0,1,0.0,0.75,0,0,7.5,1,0.5,0,False
xalan,org.apache.xalan.xsltc.dom.SecuritySupport12$1,2,1,0,1,5,1,1,1,1,1.0,18,0.0,1,0.0,0.75,0,0,7.5,1,0.5,0,False
xalan,org.apache.xalan.xsltc.cmdline.SecuritySupport12$2,2,1,0,1,4,1,1,1,1,1.0,17,0.0,1,0.0,0.75,0,0,7.0,1,0.5,0,False
xalan,org.apache.xalan.templates.ElemExtensionCall,10,5,0,21,52,39,4,18,6,1.0222223,304,0.0,1,0.96370965,0.33333334,3,7,28.9,5,1.7,3,True
xalan,org.apache.xpath.axes.UnionPathIterator$iterOwner,3,1,0,9,12,0,1,9,2,0.0,68,0.0,1,0.0,0.5,0,0,21.0,2,1.0,0,False
xalan,org.apache.xalan.xsltc.compiler.VariableRefBase,7,3,3,18,25,0,10,11,7,0.41666666,175,1.0,2,0.93421054,0.35714287,2,4,23.714285,3,1.1428572,0,False
xalan,org.apache.xalan.xslt.ObjectFactory$ConfigurationError,2,3,0,2,3,0,2,0,0,0.0,13,1.0,0,0.9444444,0.6666667,0,0,5.0,1,0.5,0,False
xalan,org.apache.xalan.xsltc.dom.NodeSortRecordFactory,6,1,0,9,17,9,1,8,4,0.6857143,188,1.0,2,0.0,0.5,0,0,29.166666,1,0.5,0,False
xalan,org.apache.xalan.xsltc.compiler.util.ErrorMessages_cs,3,3,0,0,4,1,0,0,2,0.5,1248,1.0,0,0.974359,1.0,0,0,414.66666,1,0.33333334,1,True
xalan,org.apache.xml.serializer.Utils$CacheHolder,2,1,0,1,4,1,1,0,0,1.0,11,0.0,0,0.0,1.0,0,0,4.0,0,0.0,0,False
xalan,org.apache.xalan.xsltc.dom.MultiDOM$NodeValueIterator,9,2,0,4,26,0,1,4,9,0.75,140,0.8333333,2,0.61904764,0.2962963,1,6,13.888889,3,1.2222222,0,False
xalan,org.apache.xml.dtm.SecuritySupport12$7,2,1,0,1,5,0,1,1,1,0.5,20,0.0,1,0.0,0.6666667,0,0,8.0,1,0.5,0,False
xalan,org.apache.xalan.extensions.SecuritySupport12$5,2,1,0,1,4,0,1,1,1,0.5,19,0.0,1,0.0,0.6666667,0,0,7.5,1,0.5,0,False
xalan,org.apache.xml.dtm.ref.DTMDefaultBaseTraversers$PrecedingSiblingTraverser,4,2,0,3,7,0,1,3,2,0.0,38,0.0,1,0.6666667,0.5625,1,1,8.25,3,1.0,0,False
xalan,org.apache.xalan.xsltc.cmdline.SecuritySupport12$8,2,1,0,1,5,0,1,1,1,0.5,20,0.0,1,0.0,0.6666667,0,0,8.0,1,0.5,0,False
xalan,org.apache.xpath.functions.ObjectFactory$ConfigurationError,2,3,0,1,3,0,1,0,0,0.0,13,1.0,0,0.9444444,0.6666667,0,0,5.0,1,0.5,0,False
xalan,org.apache.xml.serializer.SecuritySupport12$5,2,1,0,1,4,0,1,1,1,0.5,19,0.0,1,0.0,0.6666667,0,0,7.5,1,0.5,0,False
xalan,org.apache.xalan.xsltc.trax.Util,5,1,0,6,34,10,2,4,5,2.0,198,0.0,0,0.0,0.3,0,0,38.6,1,0.8,1,True
xalan,org.apache.xalan.processor.ProcessorLRE,4,5,1,18,73,6,2,17,3,2.0,462,0.0,0,0.9861111,0.5,4,6,114.5,3,1.25,3,True
xalan,org.apache.xalan.transformer.SerializerSwitcher,4,1,0,5,21,6,1,4,3,2.0,153,0.0,0,0.0,0.4,0,0,37.25,1,0.75,0,False
xalan,org.apache.xml.dtm.ref.DTMDefaultBaseIterators$AncestorIterator,9,3,1,7,23,4,2,6,9,0.725,200,0.0,2,0.65217394,0.4074074,2,7,20.666666,7,1.8888888,0,False
xalan,org.apache.xml.dtm.ref.sax2dtm.SAX2RTFDTM,9,5,0,11,32,8,2,9,8,0.8214286,443,0.14285715,6,0.95428574,0.26984128,2,20,46.666668,10,2.8888888,1,True
xalan,org.apache.xml.dtm.ref.sax2dtm.SAX2DTM2$ChildrenIterator,3,3,0,5,11,0,1,4,3,0.0,64,0.0,1,0.88235295,0.5555556,2,4,20.0,4,2.0,0,False
xalan,org.apache.xalan.templates.ElemLiteralResult,32,4,2,18,88,354,6,13,28,0.8817204,686,1.0,2,0.8669528,0.18055555,3,19,20.15625,10,1.84375,3,True
xalan,org.apache.xalan.xslt.SecuritySupport12$6,2,1,0,1,5,0,1,1,1,0.33333334,33,0.0,1,0.0,0.625,0,0,14.0,2,1.0,0,False
xalan,org.apache.xalan.xsltc.compiler.ParameterRef,3,4,0,19,32,0,1,18,3,0.5,161,0.0,1,0.974359,0.5,2,3,52.333332,8,3.0,0,False
xalan,org.apache.xml.dtm.ref.SecuritySupport12$6,2,1,0,1,5,0,1,1,1,0.33333334,33,0.0,1,0.0,0.625,0,0,14.0,2,1.0,0,False
xalan,org.apache.xalan.trace.TraceListenerEx3,2,1,0,4,2,1,2,2,2,2.0,2,0.0,0,0.0,1.0,0,0,0.0,1,1.0,1,True
xalan,org.apache.xalan.templates.ElemIf,8,3,0,13,27,0,0,13,7,0.2857143,117,1.0,1,0.9655172,0.27083334,2,5,13.5,2,1.0,2,True
xalan,org.apache.xalan.xsltc.trax.DOM2TO,22,1,0,3,56,221,1,2,20,0.96428573,385,1.0,1,0.0,0.14393939,0,0,16.318182,2,1.0,0,False
xalan,org.apache.xml.dtm.ref.DTMDefaultBaseIterators$FollowingSiblingIterator,3,3,1,4,10,0,2,3,3,0.0,55,0.0,1,0.88235295,0.5555556,2,4,17.0,3,1.6666666,0,False
xalan,org.apache.xalan.lib.ExsltStrings$DocumentHolder,3,1,0,2,8,1,1,1,0,0.5,21,1.0,0,0.0,0.5,0,0,5.6666665,1,0.33333334,0,False
xalan,org.apache.xalan.xsltc.runtime.BasisLibrary,69,1,0,36,198,2330,20,18,64,1.0057932,2601,0.3030303,0,0.0,0.10207613,0,0,36.217392,49,4.246377,3,True
xalan,org.apache.xml.serializer.ElemDesc,5,1,0,6,9,0,5,1,5,1.1923077,84,0.0,1,0.0,0.73333335,0,0,10.6,3,1.6,1,True
xalan,org.apache.xml.dtm.SecuritySupport12$8,2,1,0,1,5,0,1,1,1,0.5,20,0.0,1,0.0,0.6666667,0,0,8.0,1,0.5,0,False
xalan,org.apache.xml.dtm.ref.sax2dtm.SAX2DTM2$TypedDescendantIterator,2,4,0,4,8,0,1,3,2,0.0,131,0.5,1,0.95,0.6666667,3,4,63.5,16,8.0,0,False
xalan,org.apache.xalan.xsltc.compiler.XslElement,8,3,0,28,65,0,1,27,7,0.54285717,498,1.0,2,0.8888889,0.35416666,1,9,60.625,14,3.75,1,True
xalan,org.apache.xml.serializer.EmptySerializer,82,1,2,5,83,3321,2,3,81,1.0123457,269,1.0,0,0.0,0.09756097,0,0,2.2682927,1,0.9878049,4,True
xalan,org.apache.xalan.xsltc.runtime.SecuritySupport12,9,2,0,9,23,36,9,9,0,2.0,82,0.0,0,0.5294118,0.44444445,0,0,8.111111,1,0.8888889,0,False
xalan,org.apache.xalan.lib.sql.ObjectFactory,12,1,0,3,44,64,1,2,0,0.9818182,586,1.0,0,0.0,0.3181818,0,0,47.416668,8,1.8333334,0,False
xalan,org.apache.xml.dtm.ref.DTMDefaultBaseIterators$TypedPrecedingSiblingIterator,2,4,0,3,8,0,1,3,2,0.0,101,0.5,1,0.94736844,0.6666667,3,4,48.5,12,6.0,0,False
xalan,org.apache.xalan.res.XSLTErrorResources_de,5,3,0,1,16,8,0,1,3,1.2479508,4275,0.0,0,0.9268293,0.33333334,0,0,805.2,2,0.8,1,True
xalan,org.apache.xalan.xsltc.DOMCache,1,1,0,6,1,0,4,2,1,2.0,1,0.0,0,0.0,1.0,0,0,0.0,1,1.0,0,False
xalan,org.apache.xalan.xsltc.DOM,44,1,0,38,44,946,34,5,44,1.0232558,52,0.0,0,0.0,0.23737374,0,0,0.0,1,1.0,0,False
xalan,org.apache.xalan.xsltc.dom.SecuritySupport12$4,2,1,0,1,4,0,1,1,1,0.5,17,0.0,1,0.0,0.6666667,0,0,6.5,1,0.5,0,False
xalan,org.apache.xalan.xsltc.compiler.ProcessingInstruction,4,3,0,26,38,0,1,25,3,0.33333334,221,1.0,1,0.9491525,0.4,2,6,53.75,5,2.0,1,True
xalan,org.apache.xalan.xsltc.dom.SecuritySupport12$7,2,1,0,1,5,0,1,1,1,0.5,20,0.0,1,0.0,0.6666667,0,0,8.0,1,0.5,0,False
xalan,org.apache.xalan.xsltc.runtime.AbstractTranslet,43,1,0,28,110,761,13,15,41,0.9415584,1052,0.57575756,7,0.0,0.14617941,0,0,22.697674,12,2.1627908,2,True
xalan,org.apache.xalan.xsltc.Translet,11,1,0,19,11,55,15,4,11,2.0,11,0.0,0,0.0,0.26262626,0,0,0.0,1,1.0,0,False
xalan,org.apache.xml.dtm.ref.SecuritySupport12$8,2,1,0,1,5,0,1,1,1,0.5,20,0.0,1,0.0,0.6666667,0,0,8.0,1,0.5,0,False
xalan,org.apache.xml.dtm.SecuritySupport12$3,2,1,0,1,4,0,1,1,1,0.5,29,0.0,1,0.0,0.6666667,0,0,12.5,2,1.0,0,False
xalan,org.apache.xpath.VariableStack,22,1,0,27,44,0,18,11,21,0.7346939,477,0.2857143,2,0.0,0.36507937,0,0,20.363636,3,1.0,1,True
xalan,org.apache.xalan.xsltc.compiler.util.ErrorMsg,16,1,0,60,34,0,60,2,12,1.0271605,476,0.046296295,0,0.0,0.41111112,0,0,22.0,3,0.6875,2,True
xalan,org.apache.xalan.xsltc.trax.TransformerFactoryImpl$PIParamWrapper,1,1,0,1,2,0,1,0,1,2.0,25,0.0,0,0.0,1.0,0,0,21.0,0,0.0,0,False
xalan,org.apache.xalan.xsltc.compiler.util.ErrorMessages_zh_TW,3,3,0,0,4,1,0,0,2,0.5,1248,1.0,0,0.974359,1.0,0,0,414.66666,1,0.33333334,1,True
xalan,org.apache.xalan.xsltc.compiler.DecimalFormatting,5,3,0,23,36,2,2,22,4,1.0,537,1.0,1,0.9375,0.4,3,7,105.8,17,4.8,1,True
xalan,org.apache.xml.dtm.SecuritySupport12$2,2,1,0,1,4,1,1,1,1,1.0,17,0.0,1,0.0,0.75,0,0,7.0,1,0.5,0,False
xalan,org.apache.xml.dtm.ref.SecuritySupport12$5,2,1,0,1,4,0,1,1,1,0.5,19,0.0,1,0.0,0.6666667,0,0,7.5,1,0.5,0,False
xalan,org.apache.xml.dtm.ref.DTMDefaultBaseTraversers$RootTraverser,5,7,0,3,8,8,1,3,3,0.5,37,0.0,1,0.88461536,0.55,3,3,6.2,2,0.8,0,False
xalan,org.apache.xalan.xsltc.runtime.ErrorMessages_ko,3,3,0,0,4,1,0,0,2,0.5,234,1.0,0,0.974359,1.0,0,0,76.666664,1,0.33333334,1,True
xalan,org.apache.xml.utils.SecuritySupport12$3,2,1,0,1,4,0,1,1,1,0.5,29,0.0,1,0.0,0.6666667,0,0,12.5,2,1.0,0,False
xalan,org.apache.xalan.xsltc.compiler.util.ErrorMessages_ru,3,3,0,0,4,1,0,0,2,0.5,1248,1.0,0,0.974359,1.0,0,0,414.66666,1,0.33333334,1,True
xalan,org.apache.xalan.xsltc.runtime.ErrorMessages_cs,3,3,0,0,4,1,0,0,2,0.5,234,1.0,0,0.974359,1.0,0,0,76.666664,1,0.33333334,1,True
xalan,org.apache.xalan.xsltc.compiler.util.SecuritySupport12$5,2,1,0,1,4,0,1,1,1,0.5,19,0.0,1,0.0,0.6666667,0,0,7.5,1,0.5,0,False
xalan,org.apache.xml.dtm.ObjectFactory$ConfigurationError,2,3,0,2,3,0,2,0,0,0.0,13,1.0,0,0.9444444,0.6666667,0,0,5.0,1,0.5,0,False
xalan,org.apache.xml.dtm.ref.DTMDefaultBaseTraversers$AncestorOrSelfTraverser,4,3,0,3,7,4,1,3,2,0.33333334,33,0.0,1,0.75,0.5625,1,1,7.0,2,0.75,0,False
xalan,org.apache.xalan.extensions.SecuritySupport12$1,2,1,0,1,5,1,1,1,1,1.0,18,0.0,1,0.0,0.75,0,0,7.5,1,0.5,0,False
xalan,org.apache.xalan.xsltc.cmdline.ObjectFactory,12,1,0,3,44,64,1,2,0,0.9818182,586,1.0,0,0.0,0.3181818,0,0,47.416668,8,1.8333334,0,False
xalan,org.apache.xml.dtm.ref.DTMDefaultBaseIterators$PrecedingIterator,8,3,1,6,20,0,2,5,8,0.76785713,243,0.875,1,0.6818182,0.41666666,2,7,28.375,7,2.125,0,False
xalan,org.apache.xalan.xsltc.trax.TransformerFactoryImpl$1,2,1,0,1,5,0,1,1,1,0.5,26,0.0,1,0.0,0.75,0,0,11.0,3,1.5,0,False
xalan,org.apache.xalan.processor.XSLTAttributeDef,43,1,0,14,90,783,4,10,1,0.9607843,1949,0.20588236,2,0.0,0.33333334,0,0,43.534885,10,1.3255814,2,True
xalan,org.apache.xalan.xsltc.trax.TransformerFactoryImpl,33,3,0,17,151,322,6,16,23,0.9014423,1758,0.5769231,0,0.39215687,0.14285715,1,2,51.484848,17,2.121212,5,True
xalan,org.apache.xalan.xsltc.compiler.Variable,6,4,0,35,47,3,11,28,5,2.0,281,0.0,0,0.9382716,0.4,2,13,45.833332,8,3.6666667,0,False
xalan,org.apache.xml.res.XMLErrorResources_ca,5,3,0,1,16,8,0,1,3,1.2435898,1171,0.0,0,0.9268293,0.33333334,0,0,217.6,2,0.8,1,True
xalan,org.apache.xalan.xsltc.trax.SecuritySupport12$4,2,1,0,1,4,0,1,1,1,0.5,17,0.0,1,0.0,0.6666667,0,0,6.5,1,0.5,0,False
xalan,org.apache.xalan.xsltc.compiler.util.ReferenceType,20,2,0,42,46,184,19,30,19,2.0,630,0.0,0,0.63461536,0.23076923,2,4,30.5,16,2.25,0,False
xalan,org.apache.xalan.xsltc.DOMEnhancedForDTM,9,1,0,9,9,36,8,1,9,2.0,9,0.0,0,0.0,0.4,0,0,0.0,1,1.0,0,False
xalan,org.apache.xalan.templates.KeyDeclaration,11,3,0,11,19,35,7,6,11,0.8,85,1.0,3,0.9514563,0.27272728,2,6,6.4545455,1,0.90909094,0,False
xalan,org.apache.xalan.xsltc.compiler.util.ErrorMessages_fr,3,3,0,0,4,1,0,0,2,0.5,1248,1.0,0,0.974359,1.0,0,0,414.66666,1,0.33333334,1,True
xalan,org.apache.xalan.xslt.SecuritySupport12$8,2,1,0,1,5,0,1,1,1,0.5,20,0.0,1,0.0,0.6666667,0,0,8.0,1,0.5,0,False
xalan,org.apache.xml.utils.SecuritySupport12$2,2,1,0,1,4,1,1,1,1,1.0,17,0.0,1,0.0,0.75,0,0,7.0,1,0.5,0,False
xalan,org.apache.xalan.xsltc.runtime.ErrorMessages_ru,3,3,0,0,4,1,0,0,2,0.5,234,1.0,0,0.974359,1.0,0,0,76.666664,1,0.33333334,1,True
xalan,org.apache.xml.dtm.ref.DTMDefaultBaseIterators$TypedAncestorIterator,2,4,0,5,13,0,1,5,2,0.0,136,0.5,1,0.9583333,0.8333333,3,10,66.0,14,7.0,0,False
xalan,org.apache.xalan.xsltc.compiler.ApplyTemplates,6,3,0,28,60,0,3,27,5,0.65,375,1.0,3,0.91803277,0.30555555,1,5,60.833332,13,3.5,1,True
xalan,org.apache.xpath.compiler.XPathParser,58,1,0,12,96,0,3,10,5,0.67942584,3337,0.45454547,2,0.0,0.1637931,0,0,56.344826,6,1.4827586,4,True
xalan,org.apache.xalan.transformer.TransformerIdentityImpl,43,2,0,13,143,573,1,12,41,0.75510204,1173,0.78571427,2,0.23636363,0.15310077,0,0,25.95349,3,1.0697675,5,True
xalan,org.apache.xalan.lib.sql.SecuritySupport12$6,2,1,0,1,5,0,1,1,1,0.33333334,33,0.0,1,0.0,0.625,0,0,14.0,2,1.0,0,False
xalan,org.apache.xml.dtm.ref.DTMDefaultBaseTraversers$NamespaceDeclsTraverser,4,2,0,3,8,0,1,3,2,0.0,67,0.0,1,0.6666667,0.5625,1,1,15.5,4,1.5,0,False
xalan,org.apache.xml.serializer.SerializerBase,67,1,3,12,111,1771,3,9,47,0.93151516,958,0.96,4,0.0,0.1380597,0,0,12.925373,10,1.4776119,5,True
xalan,org.apache.xalan.xsltc.cmdline.SecuritySupport12$1,2,1,0,1,5,1,1,1,1,1.0,18,0.0,1,0.0,0.75,0,0,7.5,1,0.5,0,False
xalan,org.apache.xalan.xsltc.runtime.SecuritySupport12$8,2,1,0,1,5,0,1,1,1,0.5,20,0.0,1,0.0,0.6666667,0,0,8.0,1,0.5,0,False
xalan,org.apache.xalan.templates.ElemCallTemplate,13,4,1,17,51,40,2,15,13,0.6388889,379,0.6666667,3,0.94690263,0.18803419,4,11,27.923077,2,1.1538461,2,True
xalan,org.apache.xalan.xsltc.compiler.util.ErrorMessages_es,3,3,0,0,4,1,0,0,2,0.5,1248,1.0,0,0.974359,1.0,0,0,414.66666,1,0.33333334,1,True
xalan,org.apache.xpath.res.XPATHErrorResources_it,5,3,0,1,16,8,0,1,3,1.2462963,2125,0.0,0,0.9268293,0.33333334,0,0,397.0,2,0.8,2,True
xalan,org.apache.xalan.lib.ObjectFactory,12,1,0,3,44,64,1,2,0,0.9818182,586,1.0,0,0.0,0.3181818,0,0,47.416668,8,1.8333334,0,False
xalan,org.apache.xalan.res.XSLTErrorResources_ru,5,3,0,1,16,8,0,1,3,1.2479508,4275,0.0,0,0.9268293,0.33333334,0,0,805.2,2,0.8,1,True
xalan,org.apache.xalan.lib.sql.XConnection,38,1,0,14,110,273,2,14,32,0.7297297,1595,1.0,4,0.0,0.24853802,0,0,40.55263,13,2.2894738,2,True
xalan,org.apache.xalan.xsltc.trax.TemplatesImpl,19,1,0,11,49,37,4,9,9,0.6363636,455,1.0,2,0.0,0.17171717,0,0,22.368422,1,0.7894737,1,True
xalan,org.apache.xml.dtm.ref.sax2dtm.SAX2DTM2$AncestorIterator,9,3,1,8,20,4,2,6,9,0.78571427,244,0.14285715,1,0.65217394,0.4074074,2,7,25.333334,8,2.0,0,False
xalan,org.apache.xalan.xsltc.compiler.util.NodeSetType,21,2,0,42,49,190,16,29,19,2.0,470,0.0,0,0.6226415,0.23809524,2,4,21.380953,7,1.5714285,0,False
xalan,org.apache.xpath.compiler.ObjectFactory$ConfigurationError,2,3,0,2,3,0,2,0,0,0.0,13,1.0,0,0.9444444,0.6666667,0,0,5.0,1,0.5,0,False
xalan,org.apache.xml.utils.TreeWalker,10,1,0,10,65,0,5,5,7,0.30555555,611,0.75,1,0.0,0.44,0,0,59.7,1,0.7,0,False
xalan,org.apache.xalan.lib.SecuritySupport12$2,2,1,0,1,4,1,1,1,1,1.0,17,0.0,1,0.0,0.75,0,0,7.0,1,0.5,0,False
xalan,org.apache.xpath.compiler.SecuritySupport12$2,2,1,0,1,4,1,1,1,1,1.0,17,0.0,1,0.0,0.75,0,0,7.0,1,0.5,0,False
xalan,org.apache.xalan.xsltc.compiler.Stylesheet,62,2,0,70,204,1655,28,54,47,0.9579918,2554,0.8125,7,0.4695652,0.09587814,2,6,39.677418,12,2.3387096,0,False
xalan,org.apache.xml.dtm.ref.DTMDefaultBaseIterators$NamespaceIterator,3,3,2,6,9,0,4,3,3,0.0,54,0.0,1,0.88235295,0.5555556,2,4,16.666666,3,1.6666666,0,False
xalan,org.apache.xalan.transformer.TrAXFilter,8,2,0,3,35,0,1,2,7,0.5,172,1.0,1,0.8292683,0.25,1,6,20.25,2,1.125,2,True
xalan,org.apache.xalan.xsltc.dom.SecuritySupport,11,1,1,2,20,53,2,1,0,0.9,90,1.0,0,0.0,0.4,0,0,7.090909,2,0.90909094,0,False
xalan,org.apache.xalan.xsltc.trax.SecuritySupport12$5,2,1,0,1,4,0,1,1,1,0.5,19,0.0,1,0.0,0.6666667,0,0,7.5,1,0.5,0,False
xalan,org.apache.xalan.xsltc.compiler.Constants,0,1,0,6,0,0,5,1,0,2.0,218,0.0,0,0.0,0.0,0,0,0.0,0,0.0,0,False
xalan,org.apache.xml.dtm.ref.DTMDefaultBaseIterators$TypedPrecedingIterator,2,4,0,3,7,0,1,3,2,0.0,121,0.5,1,0.95652175,0.6666667,3,4,58.5,13,6.5,0,False
xalan,org.apache.xalan.xslt.SecuritySupport12$7,2,1,0,1,5,0,1,1,1,0.5,20,0.0,1,0.0,0.6666667,0,0,8.0,1,0.5,0,False
xalan,org.apache.xml.dtm.ref.DTMDefaultBaseIterators$NamespaceChildrenIterator,3,3,0,4,12,0,0,4,3,0.25,92,0.5,1,0.88235295,0.6666667,2,4,29.0,5,3.0,0,False
xalan,org.apache.xalan.templates.ElemAttributeSet,8,4,0,11,27,16,6,8,8,0.5714286,109,0.0,1,0.9665072,0.3,2,4,12.5,3,1.125,2,True
xalan,org.apache.xalan.xsltc.compiler.util.ObjectType,16,2,0,30,47,74,8,23,14,0.6,225,1.0,0,0.70212764,0.2361111,2,3,12.9375,2,1.0625,0,False
xalan,org.apache.xalan.res.XSLTErrorResources_pt_BR,5,3,0,1,16,8,0,1,3,1.2479508,4275,0.0,0,0.9268293,0.33333334,0,0,805.2,2,0.8,1,True
xalan,org.apache.xalan.templates.ElemTemplateElement,87,2,29,95,125,3307,84,17,77,0.92524916,1274,0.78571427,3,0.5589744,0.09127789,1,12,13.4827585,7,1.4482758,1,True
xalan,org.apache.xalan.extensions.SecuritySupport12$7,2,1,0,1,5,0,1,1,1,0.5,20,0.0,1,0.0,0.6666667,0,0,8.0,1,0.5,0,False
xalan,org.apache.xalan.xsltc.runtime.ObjectFactory,12,1,0,3,44,64,1,2,0,0.9818182,586,1.0,0,0.0,0.3181818,0,0,47.416668,8,1.8333334,0,False
xalan,org.apache.xalan.lib.SecuritySupport12$7,2,1,0,1,5,0,1,1,1,0.5,20,0.0,1,0.0,0.6666667,0,0,8.0,1,0.5,0,False
xalan,org.apache.xalan.xsltc.dom.ObjectFactory,12,1,0,5,44,64,3,2,0,0.9818182,586,1.0,0,0.0,0.3181818,0,0,47.416668,8,1.8333334,0,False
xalan,org.apache.xml.dtm.ref.sax2dtm.SAX2DTM2$TypedPrecedingSiblingIterator,3,4,0,3,10,0,1,2,3,0.0,155,0.5,1,0.9,0.5555556,3,7,50.0,10,6.3333335,0,False
xalan,org.apache.xml.dtm.ref.DTMDefaultBaseIterators$TypedRootIterator,2,4,0,3,6,0,1,3,2,0.0,68,0.5,1,0.9444444,0.6666667,3,4,32.0,7,3.5,0,False
xalan,org.apache.xml.dtm.ref.ObjectFactory$ConfigurationError,2,3,0,1,3,0,1,0,0,0.0,13,1.0,0,0.9444444,0.6666667,0,0,5.0,1,0.5,0,False
xalan,org.apache.xml.serializer.ToStream,74,2,3,23,189,1615,4,20,44,0.8555417,3057,0.72727275,3,0.54375,0.15444015,2,12,40.01351,12,1.6216216,9,True
xalan,org.apache.xml.utils.SecuritySupport12$5,2,1,0,1,4,0,1,1,1,0.5,19,0.0,1,0.0,0.6666667,0,0,7.5,1,0.5,0,False
xalan,org.apache.xalan.xsltc.compiler.SecuritySupport12,9,2,0,9,23,36,9,9,0,2.0,82,0.0,0,0.5294118,0.44444445,0,0,8.111111,1,0.8888889,0,False
xalan,org.apache.xalan.xsltc.compiler.StringCall,3,4,0,13,17,3,0,13,3,2.0,75,0.0,0,0.97959185,0.44444445,3,13,24.0,3,1.3333334,0,False
xalan,org.apache.xml.utils.ObjectFactory,12,1,0,3,44,64,1,2,0,0.9818182,586,1.0,0,0.0,0.3181818,0,0,47.416668,8,1.8333334,0,False
xalan,org.apache.xpath.NodeSet,61,1,0,10,77,714,6,4,60,0.62916666,1486,0.875,0,0.0,0.2192623,0,0,23.229507,9,2.2459016,1,True
xalan,org.apache.xpath.XPathContext,78,2,0,168,143,2203,152,21,76,0.9345238,1065,0.7916667,13,0.2,0.06993007,0,0,12.346154,5,1.2820513,2,True
xalan,org.apache.xalan.xsltc.dom.UnionIterator,9,2,0,6,25,0,1,5,8,0.5138889,445,1.0,2,0.61904764,0.3611111,1,6,47.444443,6,3.1111112,0,False
xalan,org.apache.xalan.xsltc.compiler.WithParam,10,3,0,24,46,19,1,23,9,0.6666667,250,1.0,2,0.86153847,0.2375,1,7,23.6,4,1.6,1,True
xalan,org.apache.xalan.xsltc.compiler.util.Util,20,1,0,47,45,188,45,2,19,0.94736844,326,1.0,0,0.0,0.23684211,0,0,15.25,5,1.95,1,True
xalan,org.apache.xalan.res.XSLTErrorResources_sk,5,3,0,1,16,8,0,1,3,1.2479508,4275,0.0,0,0.9268293,0.33333334,0,0,805.2,2,0.8,1,True
