className,loc,wmc,dit,noc,cbo,rfc,lcom,ca,ce,npm,lcom3,dam,moa,mfa,cam,ic,cbm,amc,max_cc,avg_cc,bug,bugDensity,type
org.apache.xerces.impl.xs.traversers.XSAttributeChecker,4202,12,1,0,35,75,14,16,21,7,0.965786901,0.559139785,19,0.0,0.20979021,0,0,341.4166667,31,6.6667,1,0.0030937648738695,NAN
org.apache.xerces.impl.dv.xs.DateTimeDatatypeValidator,68,3,4,0,6,12,3,2,4,2,2.0,0.0,0,0.985714286,0.428571429,1,7,21.66666667,1,0.3333,1,0.0147058823529411,NAN
org.apache.xerces.impl.xs.identity.XPathMatcher,870,15,1,2,26,41,37,7,19,12,0.825396825,1.0,4,0.0,0.181818182,0,0,55.8,11,2.4,1,0.0114942528735632,NAN
org.apache.xerces.util.SymbolHash,243,9,1,0,4,15,0,2,2,8,0.1875,1.0,1,0.0,0.422222222,0,0,25.77777778,6,2.1111,1,0.0041152263374485,NAN
org.apache.xerces.dom.CoreDOMImplementationImpl,127,6,1,0,2,19,13,1,2,5,0.8,0.0,1,0.0,0.533333333,0,0,20.0,11,3.0,1,0.1338582677165354,NON
org.apache.xerces.dom.EntityImpl,133,14,4,1,4,19,79,3,2,14,0.945054945,0.857142857,0,0.858695652,0.3928571429999999,2,6,8.0,2,1.7143,1,0.0526315789473684,NON
org.apache.xerces.dom.DeferredEntityReferenceImpl,59,5,3,0,5,13,0,1,5,1,0.75,0.5,0,0.921568627,0.466666667,2,6,10.4,1,0.8,1,0.0338983050847457,NON
org.apache.xerces.dom.AttrImpl,1100,38,2,2,13,98,421,10,4,24,0.817567568,0.75,1,0.556962025,0.174174174,1,17,27.84210526,11,2.6053,1,0.0145454545454545,NON
javax.xml.parsers.FactoryFinder,304,6,1,0,0,36,15,0,0,0,0.933333333,0.333333333,0,0.0,0.333333333,0,0,49.16666667,1,0.8333,1,0.0032894736842105,NON
org.apache.xerces.impl.xpath.regex.BMPattern,574,8,1,0,1,14,0,1,0,5,0.142857143,0.0,0,0.0,0.520833333,0,0,70.375,8,5.625,1,0.0017421602787456,NAN
org.apache.xerces.parsers.AbstractDOMParser,1567,24,3,1,17,122,0,1,16,21,0.8560719640000001,0.931034483,7,0.651515152,0.25,3,10,63.08333333,4,1.0833,1,0.0236119974473516,NAN
org.apache.xerces.dom.AttrNSImpl,255,6,3,1,4,21,3,3,2,4,0.96,0.4,0,0.9375,0.611111111,3,3,40.66666667,3,1.3333,1,0.0549019607843137,NON
org.apache.xerces.impl.dv.xs.InvalidDatatypeValueException,64,8,4,0,26,12,0,25,1,8,0.285714286,1.0,0,0.818181818,0.4375,0,0,6.75,1,0.5,1,0.015625,NAN
org.apache.xerces.dom.DeferredElementNSImpl,118,4,4,0,6,20,0,1,6,1,0.666666667,0.5,0,0.962025316,0.5,3,11,28.0,6,2.0,1,0.0508474576271186,NON
org.apache.xerces.dom.AttributeMap,719,12,2,0,6,50,24,1,6,5,2.0,0.0,0,0.52173913,0.321428571,1,9,58.91666667,10,3.1667,1,0.0125173852573018,NON
javax.xml.parsers.DocumentBuilder,100,12,1,1,0,22,66,0,0,11,2.0,0.0,0,0.0,0.238095238,0,0,7.333333333,1,0.9167,0,0.0,NON
org.apache.xerces.impl.xs.identity.UniqueOrKey,18,2,2,0,9,3,1,8,1,1,1.0,0.0,0,1.0,1.0,0,0,6.5,0,0.0,1,0.0555555555555555,NAN
org.apache.xerces.util.MessageFormatter,1,1,1,0,7,1,0,7,0,1,2.0,0.0,0,0.0,1.0,0,0,0.0,1,1.0,1,1.0,NAN
org.apache.xerces.impl.XMLNamespaceBinder,814,32,1,0,16,80,0,2,14,29,0.850806452,1.0,6,0.0,0.184750733,0,0,23.9375,1,0.9063,1,0.0073710073710073,NAN
org.apache.xerces.impl.dv.dtd.DatatypeValidatorFactory,1,1,1,0,8,1,0,5,3,1,2.0,0.0,0,0.0,1.0,0,0,0.0,1,1.0,0,0.0,NAN
org.apache.xerces.dom3.as.DOMASException,13,1,4,0,5,2,0,5,0,1,2.0,0.0,0,1.0,1.0,0,0,7.0,0,0.0,1,0.0769230769230769,NAN
org.apache.xerces.impl.dv.dtd.StringDatatypeValidator,619,9,2,0,5,30,20,1,4,7,0.615384615,0.923076923,1,0.3,0.301587302,0,0,66.33333333,1,0.7778,1,0.0016155088852988,NAN
org.apache.xerces.impl.xs.util.XIntPool,41,3,1,0,2,5,1,1,1,2,1.0,1.0,1,0.0,0.75,0,0,12.0,3,1.0,1,0.024390243902439,NAN
org.apache.xml.serialize.HTMLSerializer,1240,18,2,1,7,82,119,2,5,11,0.529411765,0.5,0,0.8235294120000001,0.20855615,1,8,67.77777778,2,0.7778,1,0.0040322580645161,NON
org.apache.xerces.util.EncodingMap,424,8,1,0,1,13,4,1,0,7,0.571428571,1.0,0,0.0,0.5,0,0,51.75,1,0.75,1,0.0306603773584905,NAN
org.apache.xerces.parsers.AbstractSAXParser,1328,44,3,1,17,131,588,1,16,39,0.925581395,1.0,7,0.5,0.101674641,3,6,28.84090909,2,1.0,1,0.0105421686746987,NAN
org.apache.xerces.impl.dv.xs.AbstractDatatypeValidator,98,12,1,6,14,18,50,8,6,11,0.936363636,0.9,4,0.0,0.25,0,0,6.333333333,1,0.9167,1,0.010204081632653,NAN
org.apache.xerces.impl.dv.xs.AbstractNumericValidator,217,7,3,3,11,22,21,5,6,4,2.0,0.0,0,0.84375,0.333333333,0,0,30.0,1,0.7143,1,0.0046082949308755,NAN
org.apache.xerces.util.ParserConfigurationSettings,195,10,1,1,3,21,19,1,2,8,0.488888889,1.0,1,0.0,0.35,0,0,18.0,4,1.4,1,0.0051282051282051,NAN
org.apache.xerces.impl.xs.SchemaGrammar,1159,25,1,0,57,66,190,18,39,17,0.901515152,0.409090909,14,0.0,0.136111111,0,0,44.48,3,1.08,1,0.0155306298533218,NAN
org.apache.xerces.impl.dv.xs.DatatypeValidatorFactory,1,1,1,0,3,1,0,1,2,1,2.0,0.0,0,0.0,1.0,0,0,0.0,1,1.0,1,1.0,NAN
org.apache.xerces.xni.parser.XMLDTDFilter,0,0,1,0,3,0,0,1,2,0,2.0,0.0,0,0.0,0.0,0,0,0.0,0,0.0,1,inf,NAN
org.apache.xerces.impl.dv.xs.XSDatatypeException,20,5,3,2,2,7,10,2,0,5,2.0,0.0,0,0.944444444,0.6,0,0,3.0,1,0.2,1,0.05,NAN
org.apache.xml.serialize.Printer,390,18,1,1,6,28,25,5,1,18,0.647058824,1.0,1,0.0,0.179012346,0,0,20.22222222,1,0.9444,1,0.0076923076923076,NON
org.apache.xerces.impl.dv.xs.DateTimeValidator,1970,44,3,9,18,71,766,9,9,5,0.98089701,1.0,0,0.3913043479999999,0.193181818,1,6,43.13636364,20,2.5682,1,0.0005076142131979,NAN
org.apache.xerces.xni.parser.XMLDocumentFilter,0,0,1,0,5,0,0,3,2,0,2.0,0.0,0,0.0,0.0,0,0,0.0,0,0.0,1,inf,NAN
org.apache.xerces.dom3.ls.DocumentLS,6,6,1,0,0,6,15,0,0,6,2.0,0.0,0,0.0,0.416666667,0,0,0.0,1,1.0,0,0.0,NAN
org.apache.xerces.dom3.as.ASContentModel,16,11,1,0,5,11,55,2,3,11,1.1,0.0,0,0.0,0.327272727,0,0,0.0,1,1.0,1,0.0625,NAN
org.apache.xerces.jaxp.DocumentBuilderFactoryImpl,89,4,2,0,2,16,0,0,2,4,0.333333333,1.0,0,0.884615385,0.583333333,1,1,21.0,1,0.75,1,0.0674157303370786,NON
org.apache.xerces.impl.dv.xs.StateMessageDatatype,3,3,1,0,0,3,3,0,0,3,2.0,0.0,0,0.0,0.666666667,0,0,0.0,1,1.0,1,0.3333333333333333,NAN
org.apache.xerces.parsers.SAXParser,29,4,4,0,7,8,6,2,5,4,2.0,0.0,0,1.0,0.5,0,0,6.25,0,0.0,1,0.1724137931034483,NON
org.apache.xerces.dom3.as.DOMASWriter,1,1,1,0,3,1,0,1,2,1,2.0,0.0,0,0.0,1.0,0,0,0.0,1,1.0,1,4.0,NAN
org.apache.xerces.dom.NodeImpl,531,63,1,3,22,79,1617,22,2,36,0.956575682,0.846153846,1,0.0,0.147619048,0,0,7.222222222,5,1.4127,1,0.0301318267419962,NON
org.apache.xerces.impl.dtd.models.CMUniOp,55,5,2,0,4,12,0,2,2,2,0.0,1.0,1,0.666666667,0.45,1,2,9.8,2,1.0,1,0.0181818181818181,NAN
org.apache.xerces.dom.DeferredElementImpl,82,4,3,0,6,16,0,1,6,1,0.666666667,0.5,0,0.96,0.5,2,8,19.0,3,1.25,1,0.0121951219512195,NON
org.apache.xerces.dom.CDATASectionImpl,13,3,4,1,3,4,3,2,2,3,1.5,0.0,0,0.967741935,0.5555555560000001,1,4,3.0,1,0.6667,1,0.0769230769230769,NON
org.apache.xerces.dom.DeferredNotationImpl,50,3,3,0,4,10,0,1,4,1,0.75,0.5,0,0.961538462,0.5555555560000001,2,3,15.0,1,0.6667,1,0.04,IL
org.apache.xerces.impl.dv.xs.UnionDatatypeValidator,537,10,2,0,13,35,0,3,10,8,0.3777777779999999,1.0,0,0.611111111,0.3,1,2,52.2,4,1.3,1,0.0018621973929236,NAN
org.apache.xerces.impl.dv.xs.InvalidDatatypeFacetException,64,8,4,0,16,12,0,15,1,8,0.285714286,1.0,0,0.818181818,0.4375,0,0,6.75,1,0.5,1,0.015625,NAN
org.apache.xerces.dom3.ls.DOMBuilder,16,12,1,0,6,12,66,2,4,12,1.090909091,0.0,0,0.0,0.231481481,0,0,0.0,1,1.0,0,0.0,NAN
org.apache.xerces.impl.dtd.XMLSimpleType,142,4,1,0,6,6,0,5,1,4,0.964912281,0.0,1,0.0,0.357142857,0,0,29.75,3,1.75,1,0.0070422535211267,NAN
org.apache.xerces.impl.validation.ValidationContext,7,7,1,0,22,7,21,22,0,7,2.0,0.0,0,0.0,1.0,0,0,0.0,1,1.0,0,0.0,NAN
org.apache.xerces.impl.dv.dtd.StatefullDatatypeValidator,3,3,1,0,5,3,3,4,1,3,2.0,0.0,0,0.0,0.666666667,0,0,0.0,1,1.0,0,0.0,NAN
org.apache.xerces.util.URI,2031,42,1,0,3,67,375,2,1,29,0.780487805,1.0,0,0.0,0.226480836,0,0,47.07142857,33,3.1429,1,0.0034465780403741,NAN
org.apache.xerces.impl.xs.models.CMBuilder,691,8,1,0,16,21,26,3,14,2,0.928571429,1.0,3,0.0,0.3125,0,0,84.875,15,7.875,1,0.0130246020260492,NAN
org.apache.xerces.impl.xs.XSGroupDecl,16,1,1,0,4,2,0,3,1,1,2.0,0.0,1,0.0,1.0,0,0,12.0,0,0.0,1,0.4375,NAN
org.apache.xerces.impl.dtd.XMLDTDValidator,3681,66,1,0,38,230,489,1,37,49,0.933687003,1.0,25,0.0,0.116742081,0,0,53.45454545,11,1.5758,1,0.0035316490084216,NAN
org.apache.xerces.impl.dtd.Grammar,3757,63,1,1,28,98,1703,6,22,27,0.933870968,0.98,10,0.0,0.095959596,0,0,57.84126984,28,3.2222,1,0.0002661698163428,NAN
org.apache.xerces.impl.xpath.regex.RangeToken,2128,18,2,0,6,35,0,6,1,1,0.6806722690000001,0.142857143,1,0.734375,0.361111111,1,7,116.8333333,17,8.0,1,0.0023496240601503,NAN
javax.xml.parsers.FactoryConfigurationError,52,6,3,0,0,11,0,0,0,6,0.0,1.0,0,0.894736842,0.5555555560000001,1,1,7.5,3,0.6667,0,0.0,NON
org.apache.xerces.impl.xs.identity.FieldActivator,3,3,1,0,6,3,3,3,3,3,2.0,0.0,0,0.0,0.666666667,0,0,0.0,1,1.0,1,1.0,NAN
org.apache.xerces.xni.XMLDTDContentModelHandler,15,10,1,0,11,10,45,10,1,10,1.111111111,0.0,0,0.0,0.466666667,0,0,0.0,1,1.0,1,0.0666666666666666,NAN
org.apache.xerces.impl.xs.traversers.XSDElementTraverser,706,6,2,0,22,48,5,2,21,0,0.933333333,0.666666667,2,0.666666667,0.375,1,2,116.1666667,52,10.3333,1,0.0141643059490084,NAN
org.apache.xerces.util.DefaultErrorHandler,104,6,1,0,4,19,13,1,3,5,0.0,1.0,0,0.0,0.625,0,0,16.16666667,3,1.0,1,0.0096153846153846,NAN
org.apache.xerces.impl.Version,14,3,1,0,0,5,1,0,0,2,0.5,0.0,0,0.0,0.5,0,0,3.333333333,1,0.3333,1,0.0714285714285714,NAN
org.apache.xerces.impl.dtd.XMLNotationDecl,29,3,1,0,2,4,1,2,0,3,0.5,0.0,0,0.0,0.666666667,0,0,7.666666667,1,0.6667,1,0.0344827586206896,NAN
org.apache.xerces.impl.xpath.regex.Match,332,12,1,0,3,22,0,3,1,6,0.53030303,0.0,0,0.0,0.35,0,0,26.16666667,8,2.75,1,0.003012048192771,NAN
org.apache.xerces.impl.xs.models.XSCMLeaf,107,9,2,0,5,19,0,2,3,4,0.375,1.0,1,0.533333333,0.416666667,1,2,10.66666667,2,1.2222,1,0.0373831775700934,NAN
org.apache.xerces.dom3.ls.DOMEntityResolver,1,1,1,0,2,1,0,1,1,1,2.0,0.0,0,0.0,1.0,0,0,0.0,1,1.0,0,0.0,NAN
org.apache.xerces.xni.parser.XMLDTDContentModelFilter,0,0,1,0,3,0,0,1,2,0,2.0,0.0,0,0.0,0.0,0,0,0.0,0,0.0,1,inf,NAN
org.apache.xerces.xni.XMLDocumentHandler,18,18,1,0,18,18,153,13,5,18,2.0,0.0,0,0.0,0.3425925929999999,0,0,0.0,1,1.0,1,0.0555555555555555,NAN
org.apache.xerces.dom.DOMImplementationImpl,157,6,1,2,6,19,13,4,3,5,0.8,0.0,1,0.0,0.533333333,0,0,25.0,20,4.5,1,0.0382165605095541,NON
org.apache.xerces.impl.dv.dtd.InvalidDatatypeValueException,75,10,4,0,13,13,0,13,0,10,0.592592593,1.0,0,0.7692307690000001,0.425,0,0,6.2,1,0.6,0,0.0,NAN
org.apache.xerces.dom.DeepNodeListImpl,264,5,1,1,4,21,0,3,2,4,0.25,1.0,1,0.0,0.44,0,0,50.6,22,6.0,1,0.0037878787878787,IL
org.apache.xerces.xni.parser.XMLEntityResolver,1,1,1,0,10,1,0,8,2,1,2.0,0.0,0,0.0,1.0,0,0,0.0,1,1.0,1,1.0,NAN
org.apache.xerces.xni.parser.XMLDTDSource,1,1,1,0,3,1,0,2,1,1,2.0,0.0,0,0.0,1.0,0,0,0.0,1,1.0,1,1.0,NAN
org.apache.xerces.dom.RangeImpl,2660,55,1,0,3,99,473,1,3,26,0.7989417990000001,0.0,7,0.0,0.246464646,0,0,47.10909091,20,3.8182,1,0.0037593984962406,IL
org.apache.xerces.impl.xs.identity.IDValue,113,3,1,0,6,10,0,5,1,3,0.25,1.0,1,0.0,0.5,0,0,36.0,13,4.6667,0,0.0,NAN
org.apache.xerces.util.SymbolTable,279,7,1,3,45,12,1,44,1,7,0.75,1.0,1,0.0,0.571428571,0,0,38.57142857,5,3.4286,1,0.007168458781362,NAN
org.apache.xerces.impl.dv.dtd.IDDatatypeValidator,134,13,2,0,10,29,68,3,7,10,0.8833333329999999,1.0,2,0.214285714,0.2136752139999999,0,0,8.923076923,3,1.0,1,0.0074626865671641,NAN
org.apache.xerces.jaxp.SAXParserImpl,139,8,2,0,3,25,0,1,2,6,0.7142857140000001,1.0,2,0.7307692309999999,0.35,1,1,15.875,1,0.875,1,0.0863309352517985,NON
org.apache.xerces.impl.dv.xs.AbstractNumericFacetValidator,1365,18,2,2,9,33,151,2,7,3,0.950980392,1.0,0,0.407407407,0.236111111,1,1,74.5,2,0.9444,1,0.0007326007326007,NAN
javax.xml.parsers.SAXParserFactory,48,9,1,1,0,14,24,0,0,8,0.75,1.0,0,0.0,0.481481481,0,0,4.1111111110000005,1,0.8889,0,0.0,NON
org.apache.xerces.impl.dv.xs.YearMonthDatatypeValidator,57,3,4,0,6,11,3,2,4,2,2.0,0.0,0,0.985714286,0.428571429,1,7,18.0,1,0.3333,1,0.0175438596491228,NAN
org.apache.xerces.impl.dtd.models.CMNode,77,9,1,7,12,11,20,11,1,6,0.825,1.0,3,0.0,0.518518519,0,0,7.0,2,1.1111,1,0.0259740259740259,NAN
org.apache.xerces.impl.xs.traversers.XSDWildcardTraverser,138,4,2,0,12,16,4,3,11,0,2.0,0.0,0,0.7692307690000001,0.571428571,1,2,33.5,4,2.0,1,0.0289855072463768,NAN
org.apache.xerces.dom.NodeIteratorImpl,380,13,1,0,1,24,8,1,1,9,0.6875,1.0,4,0.0,0.307692308,0,0,27.61538462,11,4.2308,1,0.0052631578947368,IL
org.apache.xerces.impl.xs.models.XSCMBinOp,154,6,2,0,4,14,0,2,2,2,0.2,1.0,2,0.615384615,0.416666667,1,2,24.33333333,7,2.8333,1,0.0129870129870129,NAN
org.apache.xerces.dom.DeferredEntityImpl,93,4,3,0,5,16,0,1,5,1,0.666666667,0.5,0,0.946428571,0.5,2,7,21.75,1,0.75,1,0.032258064516129,NON
org.apache.xerces.dom.LCount,42,3,1,0,1,7,1,1,0,0,0.5,0.0,0,0.0,0.5,0,0,11.66666667,2,0.6667,1,0.0476190476190476,IL
org.apache.xerces.impl.dv.xs.DateDatatypeValidator,53,3,4,0,6,11,3,2,4,2,2.0,0.0,0,0.985714286,0.428571429,1,7,16.66666667,1,0.3333,1,0.0188679245283018,NAN
org.apache.xerces.util.XMLAttributesImpl,530,27,1,0,5,32,0,2,3,27,0.461538462,1.0,1,0.0,0.42962963,0,0,18.51851852,8,2.4074,1,0.0037735849056603,NAN
org.apache.xerces.impl.dv.xs.MonthDatatypeValidator,263,5,4,0,6,22,10,2,4,2,2.0,0.0,0,0.958333333,0.371428571,1,9,51.6,10,2.4,1,0.0038022813688212,NAN
org.apache.xerces.impl.xs.XSAttributeGroupDecl,440,7,1,0,15,16,0,8,7,6,0.738095238,0.142857143,2,0.0,0.261904762,0,0,60.85714286,19,5.7143,1,0.0204545454545454,NAN
org.apache.xerces.dom.DeferredElementDefinitionImpl,84,4,3,0,6,16,0,1,6,1,0.666666667,0.5,0,0.94,0.5,2,7,19.5,2,1.0,1,0.0119047619047619,NON
org.apache.xerces.impl.xs.SubstitutionGroupHandler,313,8,1,0,13,22,12,7,6,6,0.761904762,0.333333333,2,0.0,0.357142857,0,0,37.75,9,3.875,1,0.0255591054313099,NAN
org.apache.xerces.impl.XMLEntityScanner,18,15,1,1,16,16,105,13,3,15,2.0,0.0,0,0.0,0.32,0,0,0.2,1,0.9333,1,0.3888888888888889,NAN
org.apache.xerces.xni.parser.XMLComponentManager,2,2,1,0,16,2,1,15,1,2,2.0,0.0,0,0.0,1.0,0,0,0.0,1,1.0,1,0.5,NAN
org.apache.xerces.impl.dtd.XMLAttributeDecl,41,3,1,0,5,10,0,3,2,3,0.166666667,0.0,2,0.0,0.5,0,0,11.66666667,1,0.6667,1,0.024390243902439,NAN
org.apache.xerces.xni.XMLDTDHandler,20,18,1,0,13,18,153,10,3,18,1.058823529,0.0,0,0.0,0.3425925929999999,0,0,0.0,1,1.0,1,0.1,NAN
org.apache.xml.serialize.BaseMarkupSerializer,2036,57,1,3,10,126,920,3,7,38,0.771428571,0.933333333,4,0.0,0.136302294,0,0,34.45614035,7,1.2456,1,0.0073673870333988,NON
org.apache.xml.serialize.HTMLdtd,713,19,1,0,1,46,149,1,0,11,0.984126984,0.761904762,0,0.0,0.233333333,0,0,35.42105263,15,2.7895,1,0.0042075736325385,NON
org.apache.xerces.dom.ProcessingInstructionImpl,46,6,3,1,4,10,9,3,2,6,0.9,0.5,0,0.915254237,0.5,1,5,6.333333333,2,1.3333,1,0.0652173913043478,NON
org.apache.xerces.impl.dtd.XMLContentSpec,139,10,1,0,3,13,25,3,1,10,0.944444444,0.0,0,0.0,0.35,1,1,11.1,6,1.2,1,0.0071942446043165,NAN
org.apache.xerces.dom.RangeExceptionImpl,6,1,5,0,1,2,0,1,0,1,2.0,0.0,0,1.0,1.0,0,0,5.0,0,0.0,1,0.1666666666666666,IL
org.apache.xerces.xni.NamespaceContext,5,4,1,0,9,4,6,9,0,4,1.333333333,0.0,0,0.0,0.5,0,0,0.0,1,1.0,1,0.4,NAN
org.apache.xerces.impl.xpath.regex.ParserForXMLSchema,804,39,2,0,10,72,277,1,9,2,1.0,1.0,0,0.571428571,0.184210526,1,10,19.46153846,12,1.5641,1,0.0074626865671641,NAN
org.apache.xml.serialize.XMLSerializer,1128,14,2,0,5,86,41,1,4,10,2.0,0.0,0,0.848484848,0.246031746,2,7,79.57142857,7,1.2143,1,0.0212765957446808,NON
org.apache.xerces.dom3.as.DocumentEditAS,2,2,1,0,1,2,1,0,1,2,2.0,0.0,0,0.0,0.75,0,0,0.0,1,1.0,1,0.5,NAN
org.apache.xerces.impl.xpath.XPath,781,6,1,2,18,39,1,8,11,5,0.8,1.0,2,0.0,0.333333333,0,0,128.1666667,3,1.3333,1,0.0140845070422535,NAN
org.apache.xerces.impl.xs.util.XInt,32,5,1,0,10,7,0,10,0,4,0.0,1.0,0,0.0,0.466666667,0,0,5.2,2,1.0,1,0.03125,NAN
javax.xml.parsers.DocumentBuilderFactory,100,17,1,1,0,22,100,0,0,16,0.875,1.0,0,0.0,0.367647059,0,0,4.529411765,1,0.9412,0,0.0,NON
org.apache.xerces.impl.dv.xs.SchemaDateTimeException,9,2,4,0,10,4,1,10,0,2,2.0,0.0,0,1.0,0.75,0,0,3.5,0,0.0,1,0.2222222222222222,NAN
org.apache.xerces.impl.xs.traversers.XSDNotationTraverser,109,2,2,0,9,14,1,1,9,0,2.0,0.0,0,0.909090909,0.583333333,1,1,53.5,6,3.0,1,0.073394495412844,NAN
org.apache.xerces.xni.XMLLocator,5,5,1,0,20,5,10,20,0,5,2.0,0.0,0,0.0,1.0,0,0,0.0,1,1.0,1,0.2,NAN
org.apache.xerces.dom3.as.ASObjectList,2,2,1,0,5,2,1,4,1,2,2.0,0.0,0,0.0,0.75,0,0,0.0,1,1.0,1,0.5,NAN
org.apache.xerces.dom3.ls.LSProgressEvent,3,3,1,0,1,3,3,0,1,3,2.0,0.0,0,0.0,1.0,0,0,0.0,1,1.0,0,0.0,NAN
org.apache.xerces.impl.xs.XSWildcardDecl,845,12,1,0,9,18,18,9,0,6,0.892561983,0.090909091,0,0.0,0.418181818,0,0,68.5,22,7.75,1,0.0094674556213017,NAN
org.apache.xerces.impl.xs.traversers.XSDUniqueOrKeyTraverser,81,2,3,0,11,11,1,2,10,1,2.0,0.0,0,0.916666667,0.571428571,0,0,39.5,3,1.5,1,0.0246913580246913,NAN
org.apache.xerces.dom.NamedNodeMapImpl,596,22,1,1,8,49,41,6,2,9,0.843537415,0.857142857,1,0.0,0.2272727269999999,0,0,25.77272727,11,2.4545,1,0.0134228187919463,NON
org.apache.xerces.impl.xs.models.XSCMUniOp,55,5,2,0,4,12,0,2,2,2,0.0,1.0,1,0.666666667,0.45,1,2,9.8,2,1.0,1,0.0181818181818181,NAN
org.apache.xerces.impl.dtd.models.DFAContentModel,1134,8,1,0,9,49,2,1,8,2,0.766917293,1.0,5,0.0,0.514285714,0,0,138.375,25,9.5,1,0.0026455026455026,NAN
org.apache.xerces.impl.xs.traversers.OneAttr,20,1,1,0,2,2,0,2,0,1,2.0,0.0,0,0.0,1.0,0,0,15.0,0,0.0,0,0.0,NAN
org.apache.xerces.impl.dv.xs.ListDatatypeValidator,848,8,2,0,15,41,2,5,10,6,0.3928571429999999,1.0,0,0.647058824,0.296875,1,2,104.5,6,1.75,1,0.0011792452830188,NAN
org.apache.xerces.dom.DeferredDocumentTypeImpl,173,4,3,0,7,30,0,1,7,1,0.666666667,0.5,0,0.947368421,0.5,2,5,41.75,8,2.5,1,0.0057803468208092,NON
org.apache.xerces.util.ErrorHandlerWrapper,110,9,1,0,7,28,16,2,5,7,0.375,1.0,1,0.0,0.3777777779999999,0,0,11.11111111,1,0.7778,1,0.0272727272727272,NAN
org.apache.xerces.parsers.XMLParser,35,3,1,2,5,6,1,2,3,1,1.166666667,1.0,1,0.0,0.5555555560000001,0,0,9.666666667,1,0.6667,1,0.0285714285714285,NAN
org.apache.xerces.dom3.as.ASDataType,47,1,1,0,2,1,0,2,0,1,2.0,0.0,0,0.0,1.0,0,0,0.0,1,1.0,1,0.0212765957446808,NAN
org.apache.xerces.dom.CoreDocumentImpl,1258,78,4,1,42,166,2643,39,21,49,0.944805195,0.833333333,3,0.519736842,0.129058442,2,19,14.97435897,9,1.3333,1,0.0286168521462639,NON
org.apache.xerces.impl.xs.SchemaSymbols,500,2,1,0,26,5,1,25,1,1,1.556179775,0.0,1,0.0,1.0,0,0,160.0,0,0.0,1,0.004,NAN
org.apache.xerces.dom.DocumentTypeImpl,200,15,4,1,10,27,57,7,4,14,0.8214285709999999,0.875,3,0.858695652,0.3833333329999999,2,9,11.8,2,1.5333,1,0.04,NON
org.apache.xerces.impl.msg.ExceptionMessagesLocalizer,103,2,1,0,0,17,1,0,0,2,2.0,0.0,0,0.0,0.5,0,0,50.0,10,5.0,0,0.0,NAN
org.apache.xerces.dom3.DOMErrorHandler,1,1,1,0,3,1,0,2,1,1,2.0,0.0,0,0.0,1.0,0,0,0.0,1,1.0,1,5.0,NAN
org.apache.xerces.dom.TreeWalkerImpl,588,23,1,0,1,32,115,1,0,15,0.6181818179999999,0.2,3,0.0,0.32173913,0,0,24.34782609,10,3.6522,1,0.0051020408163265,NON
org.apache.xerces.impl.validation.ValidationManager,35,5,1,0,4,8,0,3,1,5,0.375,1.0,1,0.0,0.6,0,0,5.6,1,0.8,1,0.0285714285714285,NAN
org.apache.xerces.impl.xs.XSAttributeDecl,76,5,1,0,12,6,0,11,1,5,1.025,0.2,1,0.0,0.6,0,0,12.2,2,1.0,1,0.0921052631578947,NAN
org.apache.xerces.dom3.as.CharacterDataEditAS,6,6,1,0,1,6,15,0,1,6,2.0,0.0,0,0.0,0.7222222220000001,0,0,0.0,1,1.0,1,0.1666666666666666,NAN
org.apache.xerces.impl.dtd.models.CMBinOp,154,6,2,0,4,14,0,2,2,2,0.2,1.0,2,0.615384615,0.416666667,1,2,24.33333333,7,2.8333,1,0.0064935064935064,NAN
org.apache.xerces.dom.ElementImpl,683,30,4,4,16,79,57,10,9,24,0.7356321840000001,0.666666667,1,0.738317757,0.333333333,2,14,21.66666667,11,2.7333,1,0.0307467057101024,NON
org.apache.xerces.dom3.as.DOMASBuilder,4,4,1,0,5,4,6,1,4,4,2.0,0.0,0,0.0,0.4375,0,0,0.0,1,1.0,1,1.0,NAN
org.apache.xerces.impl.xs.traversers.XSDocumentInfo,171,4,1,0,21,21,0,15,7,1,0.757575758,1.0,4,0.0,0.4375,0,0,39.0,2,1.0,1,0.0292397660818713,NAN
org.apache.xerces.dom.TextImpl,88,6,3,2,9,21,15,7,3,6,1.2,0.0,0,0.915254237,0.333333333,1,4,13.5,2,1.1667,1,0.0909090909090909,NON
org.apache.xerces.impl.dv.xs.StringDatatypeValidator,283,9,3,3,11,19,16,6,5,5,0.5,1.0,0,0.7666666670000001,0.26984127,3,8,30.33333333,3,1.2222,1,0.0035335689045936,NAN
org.apache.xerces.xni.parser.XMLParseException,183,8,5,0,6,23,0,4,2,8,0.571428571,1.0,0,0.75,0.40625,1,1,21.25,8,1.625,1,0.0054644808743169,NAN
org.apache.xerces.xni.parser.XMLErrorHandler,3,3,1,0,9,3,3,7,2,3,2.0,0.0,0,0.0,1.0,0,0,0.0,1,1.0,1,0.3333333333333333,NAN
org.apache.xerces.impl.XMLEntityManager,1373,31,1,0,28,98,301,9,22,24,0.949425287,0.965517241,6,0.0,0.16969697,0,0,42.35483871,39,2.9032,1,0.0291332847778587,NAN
org.apache.xml.serialize.TextSerializer,287,17,2,0,5,37,128,1,4,11,2.0,0.0,0,0.7777777779999999,0.2176470589999999,1,12,15.88235294,3,1.1176,1,0.0069686411149825,NON
org.apache.xerces.impl.msg.DatatypeMessages,247,3,3,0,0,4,1,0,0,2,0.5,0.0,0,0.974358974,1.0,0,0,81.0,1,0.3333,0,0.0,NAN
org.apache.xerces.util.DOMUtil,951,39,1,0,18,85,741,15,3,38,2.0,0.0,0,0.0,0.185897436,0,0,23.38461538,7,3.2308,1,0.0021030494216614,NAN
org.apache.xerces.jaxp.DefaultValidationErrorHandler,79,3,2,0,2,12,0,2,0,1,0.5,1.0,0,0.944444444,0.75,0,0,24.66666667,1,0.3333,1,0.0126582278481012,NON
org.apache.xerces.xni.parser.XMLDocumentScanner,2,2,1,0,5,2,1,2,3,2,2.0,0.0,0,0.0,0.666666667,0,0,0.0,1,1.0,1,0.5,NAN
org.apache.xerces.parsers.CachingParserPool,113,7,1,0,8,16,0,0,8,7,0.638888889,0.666666667,2,0.0,0.357142857,0,0,14.28571429,3,1.2857,1,0.0353982300884955,NAN
org.apache.xerces.dom3.ls.LSLoadEvent,2,2,1,0,1,2,1,0,1,2,2.0,0.0,0,0.0,1.0,0,0,0.0,1,1.0,0,0.0,NAN
org.apache.xerces.impl.xs.traversers.XSDAttributeGroupTraverser,209,3,2,0,9,21,1,2,9,0,2.0,0.0,0,0.833333333,0.611111111,1,1,68.66666667,7,4.0,1,0.0191387559808612,NAN
org.apache.xerces.xni.parser.XMLConfigurationException,34,4,5,0,19,5,0,18,1,4,0.833333333,0.5,0,0.9,0.666666667,0,0,6.5,1,0.5,1,0.0294117647058823,NAN
org.apache.xerces.impl.dtd.models.CMLeaf,143,9,2,0,5,22,0,2,3,4,0.375,1.0,1,0.533333333,0.416666667,1,2,14.66666667,2,1.2222,1,0.0209790209790209,NAN
org.apache.xerces.impl.xs.XSConstraints,558,12,1,0,24,34,66,7,17,10,2.0,0.0,0,0.0,0.179487179,0,0,45.5,13,6.4167,1,0.0232974910394265,NAN
org.apache.xerces.impl.dtd.models.MixedContentModel,288,2,1,0,3,4,0,1,2,2,0.0,1.0,1,0.0,0.8,0,0,140.5,28,14.0,1,0.0034722222222222,NAN
org.apache.xerces.impl.dv.xs.FloatDatatypeValidator,442,19,4,0,11,39,133,2,9,3,2.0,0.0,0,0.653061224,0.2057416269999999,2,11,22.26315789,5,1.3158,1,0.002262443438914,NAN
org.apache.xerces.impl.xs.models.XSAllCM,334,6,1,0,7,12,0,1,6,6,0.685714286,1.0,1,0.0,0.3888888889999999,0,0,53.5,10,4.1667,1,0.0179640718562874,NAN
org.apache.xerces.impl.XMLDocumentScannerImpl,410,15,3,0,20,50,79,6,19,9,0.988095238,1.0,7,0.779661017,0.205357143,2,14,24.73333333,2,0.9333,1,0.0439024390243902,NAN
org.apache.xerces.impl.xs.traversers.OneElement,43,2,1,0,2,6,1,1,1,2,0.0,0.0,1,0.0,0.833333333,0,0,19.0,0,0.0,0,0.0,NAN
org.apache.xerces.impl.dv.dtd.DatatypeMessageProvider,135,5,1,0,3,9,4,2,1,4,1.2,0.08,0,0.0,0.5,0,0,21.0,1,0.6,0,0.0,NAN
org.apache.xerces.impl.dv.dtd.IDREFDatatypeValidator,219,14,2,0,10,38,71,3,7,10,0.7179487179999999,1.0,2,0.2,0.214285714,0,0,14.21428571,6,1.2857,1,0.0045662100456621,NAN
org.apache.xerces.impl.validation.GrammarPool,86,9,1,2,10,16,0,9,1,9,0.5,1.0,0,0.0,0.703703704,0,0,8.333333332999999,2,1.1111,1,0.0232558139534883,NAN
org.apache.xerces.impl.XMLErrorReporter,257,14,1,0,60,36,61,51,9,13,0.934911243,0.7692307690000001,3,0.0,0.238461538,0,0,16.42857143,1,0.8571,1,0.0155642023346303,NAN
org.apache.xerces.xni.parser.XMLDocumentSource,1,1,1,0,3,1,0,2,1,1,2.0,0.0,0,0.0,1.0,0,0,0.0,1,1.0,1,1.0,NAN
org.xml.sax.helpers.AttributesImpl,763,26,1,0,0,40,0,0,0,24,0.08,0.0,0,0.0,0.528846154,0,0,28.26923077,5,2.6538,1,0.001310615989515,NON
org.apache.xerces.impl.dv.xs.YearDatatypeValidator,110,4,4,0,6,18,6,2,4,2,2.0,0.0,0,0.971830986,0.3928571429999999,1,10,26.5,1,0.5,1,0.009090909090909,NAN
org.apache.xerces.impl.dv.xs.DurationDatatypeValidator,1028,8,4,0,6,26,20,2,4,2,0.7142857140000001,1.0,0,0.932432432,0.317460317,1,10,127.25,9,2.625,1,0.0009727626459143,NAN
org.apache.xerces.impl.dv.dtd.NOTATIONDatatypeValidator,48,8,2,0,6,15,26,2,4,7,0.7142857140000001,1.0,1,0.333333333,0.285714286,0,0,4.875,1,0.75,1,0.0208333333333333,NAN
org.apache.xerces.dom3.ls.DOMImplementationLS,5,3,1,0,3,3,3,0,3,3,1.5,0.0,0,0.0,0.666666667,0,0,0.0,1,1.0,0,0.0,NAN
org.apache.xerces.impl.xs.models.XSDFACM,1255,14,1,0,14,53,39,1,13,7,0.807692308,1.0,5,0.0,0.351648352,0,0,87.35714286,18,4.2143,1,0.0055776892430278,NAN
org.apache.xerces.impl.xs.models.XSEmptyCM,47,5,1,0,5,6,10,1,4,5,1.25,1.0,0,0.0,0.5,0,0,8.2,2,1.2,1,0.0638297872340425,NAN
org.apache.xerces.impl.xpath.regex.Token,2101,49,1,9,16,88,866,15,11,2,0.996975806,0.35483871,20,0.0,0.1875,0,0,40.61224489999999,27,2.551,1,0.0033317467872441,NAN
org.apache.xerces.impl.dv.xs.DayDatatypeValidator,146,4,4,0,6,19,6,2,4,2,1.333333333,1.0,0,0.971830986,0.3928571429999999,1,9,35.25,1,0.5,1,0.0068493150684931,NAN
org.apache.xerces.util.IntStack,144,8,1,0,2,14,0,2,0,7,0.357142857,1.0,0,0.0,0.625,0,0,16.75,4,1.375,1,0.0069444444444444,NAN
org.apache.xerces.dom3.DOMLocator,5,5,1,0,1,5,10,1,0,5,2.0,0.0,0,0.0,1.0,0,0,0.0,1,1.0,1,1.2,NAN
org.apache.xerces.impl.xs.traversers.XSDKeyrefTraverser,155,2,3,0,11,14,1,1,11,1,2.0,0.0,0,0.916666667,0.571428571,0,0,76.5,8,4.0,1,0.0129032258064516,NAN
org.apache.xerces.jaxp.SAXParserFactoryImpl,94,5,2,0,1,14,4,0,1,4,0.25,1.0,0,0.764705882,0.533333333,0,0,17.6,1,0.8,1,0.0212765957446808,NON
org.apache.xerces.dom3.as.ASModel,20,20,1,0,13,20,190,5,9,20,2.0,0.0,0,0.0,0.3,0,0,0.0,1,1.0,1,0.05,NAN
org.apache.xerces.impl.dv.dtd.ENTITYDatatypeValidator,123,10,2,0,9,24,37,2,7,9,0.740740741,1.0,3,0.272727273,0.3,0,0,11.0,1,0.8,1,0.008130081300813,NAN
org.apache.xerces.dom3.as.ASEntityDeclaration,10,8,1,0,2,8,28,1,1,8,1.142857143,0.0,0,0.0,0.5,0,0,0.0,1,1.0,1,0.1,NAN
org.apache.xerces.impl.xs.XMLSchemaValidator,3157,46,1,0,51,178,461,6,47,28,0.8979166670000001,0.375,21,0.0,0.157142857,0,0,66.23913043,51,4.8913,1,0.0196388976876781,NAN
org.apache.xerces.dom3.ls.DOMWriter,12,12,1,0,3,12,66,2,1,12,2.0,0.0,0,0.0,0.319444444,0,0,0.0,1,1.0,0,0.0,NAN
org.apache.xerces.impl.xs.XSElementDecl,268,15,1,0,18,22,21,16,2,14,0.966165414,0.263157895,3,0.0,0.211111111,1,1,15.6,3,1.5333,1,0.0261194029850746,NAN
org.apache.xerces.impl.xs.identity.KeyRef,17,2,2,0,6,3,0,4,2,2,0.0,1.0,1,0.916666667,0.666666667,1,1,7.0,1,0.5,1,0.1176470588235294,NAN
org.apache.xerces.dom.ChildNode,69,8,2,2,9,14,18,9,2,5,0.904761905,0.666666667,2,0.88,0.416666667,1,3,7.25,2,1.25,1,0.0144927536231884,NON
org.apache.xerces.impl.xs.traversers.XSDGroupTraverser,271,3,3,0,13,21,1,3,12,0,2.0,0.0,0,0.882352941,0.611111111,2,3,89.33333333,13,7.6667,1,0.029520295202952,NAN
org.apache.xerces.impl.xpath.regex.RegularExpression,6643,53,1,0,32,143,1146,13,20,20,0.906177156,0.090909091,6,0.0,0.192307692,1,1,123.7169811,147,13.3585,1,0.0009032063826584,NAN
org.apache.xerces.impl.msg.ImplementationMessages,247,3,3,0,0,4,1,0,0,2,0.5,0.0,0,0.974358974,1.0,0,0,81.0,1,0.3333,0,0.0,NAN
org.apache.xerces.impl.dv.xs.QNameDatatypeValidator,97,7,3,0,9,21,15,2,7,4,0.666666667,1.0,1,0.851851852,0.3888888889999999,2,4,12.71428571,2,0.7143,1,0.0103092783505154,NAN
org.apache.xerces.impl.dv.dtd.DatatypeValidatorFactoryImpl,309,9,1,0,13,38,10,2,11,5,0.767857143,0.571428571,0,0.0,0.285714286,0,0,32.55555556,2,1.1111,0,0.0,NAN
org.apache.xerces.util.NamespaceSupport,332,10,1,1,8,18,0,6,3,10,0.4629629629999999,1.0,0,0.0,0.3,0,0,31.6,6,1.7,1,0.0150602409638554,NAN
org.apache.xerces.impl.xpath.XPathException,9,2,3,0,6,4,1,6,0,2,2.0,0.0,0,1.0,0.75,0,0,3.5,0,0.0,1,0.1111111111111111,NAN
org.apache.xerces.impl.dtd.models.CMAny,118,9,2,0,4,18,0,2,2,3,0.625,1.0,0,0.5,0.3888888889999999,1,2,11.77777778,2,1.3333,1,0.0254237288135593,NAN
org.apache.xerces.impl.xs.util.Base64,969,12,1,0,1,15,58,1,0,8,1.037878788,1.0,0,0.0,0.25,0,0,78.75,19,4.9167,0,0.0,NAN
org.apache.xerces.impl.xs.identity.Selector,34,5,1,0,8,8,0,4,6,5,0.5,1.0,2,0.0,0.4,0,0,5.4,1,0.8,1,0.2058823529411764,NAN
org.apache.xerces.impl.xs.XSAttributeUse,20,1,1,0,8,2,0,7,1,1,2.0,0.0,1,0.0,1.0,0,0,15.0,0,0.0,0,0.0,NAN
org.apache.xerces.impl.xpath.regex.Op,268,24,1,6,10,39,234,7,9,0,1.023550725,0.0,1,0.0,0.1956521739999999,0,0,9.166666667,2,0.9583,1,0.003731343283582,NAN
org.apache.xerces.impl.dv.xs.BooleanDatatypeValidator,248,8,2,0,11,28,24,2,9,6,0.7142857140000001,1.0,0,0.6875,0.326530612,1,1,29.875,3,0.875,1,0.0040322580645161,NAN
org.apache.xerces.impl.dtd.models.SimpleContentModel,381,2,1,0,3,7,0,1,2,2,0.666666667,0.666666667,2,0.0,0.583333333,0,0,186.5,42,21.0,1,0.0026246719160104,NAN
org.apache.xerces.impl.xpath.regex.ParseException,13,2,4,0,4,3,0,4,0,2,0.0,0.0,0,0.944444444,0.666666667,0,0,5.0,1,0.5,1,0.0769230769230769,NAN
org.apache.xerces.impl.xs.traversers.XSDAttributeTraverser,612,6,2,0,18,33,11,2,18,1,2.0,0.0,0,0.666666667,0.35,1,2,101.0,34,9.8333,1,0.0130718954248366,NAN
org.apache.xerces.impl.dv.xs.NOTATIONDatatypeValidator,207,7,3,0,11,26,21,3,8,4,2.0,0.0,0,0.8214285709999999,0.408163265,2,6,28.57142857,2,0.8571,1,0.0048309178743961,NAN
org.apache.xerces.impl.xs.traversers.XSDAbstractIDConstraintTraverser,269,2,2,2,17,20,1,2,15,1,2.0,0.0,0,0.909090909,0.571428571,0,0,133.5,16,8.0,1,0.0074349442379182,NAN
org.apache.xerces.dom.CharacterDataImpl,291,14,3,3,7,35,17,3,4,11,0.7179487179999999,0.666666667,1,0.806451613,0.480769231,1,1,19.57142857,3,1.3571,1,0.0103092783505154,NON
org.apache.xerces.dom3.ls.DOMWriterFilter,1,1,1,0,0,1,0,0,0,1,2.0,0.0,0,0.0,1.0,0,0,0.0,1,1.0,0,0.0,NAN
org.apache.xerces.impl.XMLDTDScannerImpl,3317,36,2,0,21,124,134,1,20,11,0.8516129029999999,1.0,9,0.333333333,0.187301587,2,4,90.27777778,2,1.0556,1,0.0063310220078384,NAN
org.apache.xerces.impl.xs.XSComplexTypeDecl,310,10,1,0,15,20,19,10,6,9,0.901234568,0.111111111,5,0.0,0.4,0,0,28.2,3,1.4,1,0.032258064516129,NAN
org.apache.xerces.impl.msg.ExceptionMessages,923,3,3,0,0,4,1,0,0,2,0.5,0.0,0,0.974358974,1.0,0,0,306.3333333,1,0.3333,0,0.0,NAN
org.apache.xerces.impl.dv.xs.IDDatatypeValidator,80,5,4,0,11,17,10,6,5,5,2.0,0.0,0,0.909090909,0.314285714,0,0,15.0,1,0.6,1,0.0125,NAN
org.apache.xerces.impl.XMLDocumentFragmentScannerImpl,1419,31,2,1,25,116,177,3,23,12,0.945736434,1.0,14,0.369565217,0.126190476,2,8,43.38709677,2,0.9677,1,0.0169133192389006,NAN
org.apache.xerces.xni.XMLString,141,9,1,1,21,13,6,21,0,9,0.125,0.0,0,0.0,0.4,0,0,14.33333333,5,1.6667,1,0.0070921985815602,NAN
org.apache.xerces.impl.dtd.DTDGrammar,1494,42,2,0,18,89,673,2,16,35,0.951219512,0.75,7,0.601941748,0.177489177,2,12,33.80952381,5,1.2619,1,0.0080321285140562,NAN
org.apache.xerces.impl.dv.xs.DatatypeValidatorFactoryImpl,881,15,1,0,29,56,69,0,29,7,0.75,0.75,0,0.0,0.341666667,0,0,57.2,7,2.2,1,0.0011350737797956,NAN
org.apache.xerces.impl.Constants,318,8,1,0,1,14,0,0,1,5,1.095238095,0.098039216,0,0.0,0.142857143,0,0,32.375,2,1.375,1,0.050314465408805,NAN
org.apache.xerces.impl.xs.traversers.XSDAbstractTraverser,1209,11,1,8,29,59,5,9,24,0,0.926666667,0.8,5,0.0,0.212121212,0,0,107.5454545,40,9.0,1,0.0090984284532671,NAN
org.apache.xerces.dom3.as.ASAttributeDeclaration,13,10,1,0,5,10,45,2,3,10,1.111111111,0.0,0,0.0,0.3,0,0,0.0,1,1.0,1,0.0769230769230769,NAN
org.apache.xerces.impl.xs.traversers.XSDComplexTypeTraverser,1645,15,3,0,24,60,87,3,23,0,0.964285714,1.0,1,0.535714286,0.344155844,2,4,108.53333329999998,12,2.0667,1,0.0121580547112462,NAN
org.apache.xerces.impl.dv.dtd.AbstractDatatypeValidator,17,5,1,7,10,6,10,7,3,3,1.25,1.0,0,0.0,0.366666667,0,0,2.2,1,0.6,0,0.0,NAN
org.apache.xerces.impl.xs.XMLSchemaException,31,4,3,0,6,5,2,6,0,4,0.333333333,0.0,0,0.894736842,0.583333333,0,0,6.25,1,0.5,1,0.032258064516129,NAN
org.apache.xerces.dom.DeferredDocumentImpl,3050,69,3,0,25,129,1784,15,24,50,0.891304348,0.956521739,0,0.571428571,0.181716834,2,12,42.86956522,12,2.6232,1,0.0049180327868852,NON
org.apache.xerces.impl.dtd.models.ContentModelValidator,1,1,1,0,8,1,0,7,1,1,2.0,0.0,0,0.0,1.0,0,0,0.0,1,1.0,1,1.0,NAN
org.apache.xerces.impl.validation.EntityState,2,2,1,0,3,2,1,3,0,2,2.0,0.0,0,0.0,1.0,0,0,0.0,1,1.0,1,0.5,NAN
org.apache.xerces.dom3.as.ASObject,18,12,1,0,8,12,66,8,1,12,1.090909091,0.0,0,0.0,0.375,0,0,0.0,1,1.0,1,0.0555555555555555,NAN
org.apache.xerces.dom.CommentImpl,13,3,3,1,3,4,3,2,2,3,1.5,0.0,0,0.964285714,0.5555555560000001,1,4,3.0,1,0.6667,1,0.0769230769230769,NON
org.apache.xerces.dom.NodeListCache,18,1,1,0,3,2,0,2,2,0,2.0,0.0,3,0.0,1.0,0,0,12.0,0,0.0,1,0.1666666666666666,NAN
org.apache.xerces.dom.DeferredTextImpl,44,3,4,0,4,9,0,1,4,1,0.75,0.5,0,0.967741935,0.5555555560000001,3,12,13.0,2,1.0,1,0.0227272727272727,IL
org.apache.xerces.impl.msg.XMLMessageFormatter,124,2,1,0,2,14,0,1,1,2,1.0,0.5,0,0.0,0.625,0,0,59.0,1,0.5,1,0.0080645161290322,NAN
org.apache.xerces.xni.parser.XMLDTDScanner,3,3,1,0,9,3,3,5,4,3,2.0,0.0,0,0.0,0.666666667,0,0,0.0,1,1.0,1,0.6666666666666666,NAN
org.apache.xerces.impl.xs.XSNotationDecl,20,1,1,0,4,2,0,4,0,1,2.0,0.0,0,0.0,1.0,0,0,15.0,0,0.0,1,0.3,NAN
org.apache.xml.serialize.XHTMLSerializer,76,5,3,0,3,10,10,1,2,5,2.0,0.0,0,0.985507246,0.55,1,1,14.2,2,0.4,1,0.0263157894736842,NON
org.apache.xerces.impl.dv.xs.TimeDatatypeValidator,120,4,4,0,6,15,6,2,4,2,2.0,0.0,0,0.971830986,0.3928571429999999,1,8,29.0,1,0.5,1,0.0083333333333333,NAN
org.apache.xerces.impl.io.ASCIIReader,112,10,2,0,1,19,0,1,0,10,0.666666667,0.666666667,0,0.5555555560000001,0.34,1,2,9.9,1,0.8,1,0.0178571428571428,NAN
org.apache.xml.serialize.IndentPrinter,403,17,2,0,3,34,0,1,2,16,0.4625,1.0,0,0.515151515,0.183006536,1,15,22.41176471,8,2.2353,1,0.009925558312655,NON
org.apache.xerces.dom.DeferredCDATASectionImpl,33,3,5,0,4,7,0,1,4,1,0.75,0.5,0,0.969230769,0.5555555560000001,3,11,9.333333333,1,0.6667,1,0.0303030303030303,IL
org.apache.xerces.parsers.StandardParserConfiguration,617,20,3,1,31,61,174,4,27,8,0.953007519,1.0,10,0.6190476189999999,0.2,3,5,28.45,4,0.95,1,0.0113452188006482,NAN
org.apache.xerces.dom.events.MutationEventImpl,70,7,2,0,2,9,1,1,1,7,0.972222222,0.0,1,0.6,0.314285714,0,0,7.285714286,1,0.8571,1,0.0142857142857142,IL
org.apache.xerces.impl.dv.xs.DatatypeMessageProvider,429,5,1,0,12,15,0,11,1,4,0.963235294,0.088235294,0,0.0,0.5,0,0,78.0,1,0.6,1,0.0023310023310023,NAN
org.apache.xerces.impl.dv.xs.IDREFDatatypeValidator,80,6,4,0,7,19,15,2,5,5,1.133333333,0.333333333,0,0.909090909,0.314285714,0,0,11.83333333,1,0.5,1,0.0125,NAN
org.apache.xerces.parsers.DTDParser,63,29,3,0,9,30,406,0,9,29,1.035714286,1.0,1,0.066666667,0.266009852,0,0,1.137931034,1,0.9655,1,0.0317460317460317,NAN
org.apache.xerces.dom.events.EventImpl,87,11,1,1,2,13,35,2,0,11,0.9,0.1,2,0.0,0.393939394,0,0,6.0,1,0.9091,1,0.0114942528735632,IL
org.apache.xerces.xni.parser.XMLInputSource,111,15,1,0,17,16,35,17,0,15,0.773809524,1.0,0,0.0,0.433333333,0,0,6.0,1,0.8,1,0.009009009009009,NAN
org.apache.xerces.impl.xs.SchemaNamespaceSupport,161,5,2,0,7,8,4,5,2,5,2.0,0.0,0,0.727272727,0.466666667,1,4,31.2,5,2.2,1,0.0124223602484472,NAN
org.apache.xerces.dom3.DOMError,7,4,1,0,3,4,6,2,1,4,1.333333333,0.0,0,0.0,1.0,0,0,0.0,1,1.0,1,0.7142857142857143,NAN
org.apache.xerces.dom.DeferredAttrImpl,58,4,3,0,4,12,0,1,4,1,0.666666667,0.5,0,0.952380952,0.5,2,7,13.0,2,1.0,1,0.0344827586206896,NON
org.apache.xerces.impl.dv.xs.DoubleDatatypeValidator,458,20,4,0,11,41,152,2,9,3,2.0,0.0,0,0.64,0.213636364,2,11,21.9,5,1.3,1,0.0021834061135371,NAN
org.apache.xerces.xni.parser.XMLParserConfiguration,19,19,1,0,20,19,171,11,9,19,2.0,0.0,0,0.0,0.149122807,0,0,0.0,1,1.0,1,0.0526315789473684,NAN
org.apache.xerces.parsers.XMLGrammarParser,9,1,2,1,6,3,0,1,5,0,2.0,1.0,1,1.0,1.0,0,0,7.0,0,0.0,1,0.2222222222222222,NAN
org.apache.xerces.dom3.ls.ParseErrorEvent,1,1,1,0,1,1,0,0,1,1,2.0,0.0,0,0.0,1.0,0,0,0.0,1,1.0,0,0.0,NAN
org.apache.xerces.impl.XMLEntityHandler,2,2,1,0,6,2,1,5,1,2,2.0,0.0,0,0.0,1.0,0,0,0.0,1,1.0,1,1.0,NAN
org.apache.xerces.dom.DeferredAttrNSImpl,123,4,4,0,5,18,0,1,5,1,0.666666667,0.5,0,0.955223881,0.5,4,9,29.25,9,2.75,1,0.016260162601626,NON
org.apache.xerces.util.EntityResolverWrapper,82,5,1,0,5,18,4,2,3,5,0.25,1.0,1,0.0,0.533333333,0,0,15.2,1,0.6,1,0.0121951219512195,NAN
org.apache.xerces.dom3.as.ASNotationDeclaration,4,4,1,0,2,4,6,1,1,4,2.0,0.0,0,0.0,0.75,0,0,0.0,1,1.0,1,0.25,NAN
org.apache.xml.serialize.ElementState,15,1,1,0,4,2,0,4,0,1,2.0,0.0,0,0.0,1.0,0,0,3.0,0,0.0,1,0.1333333333333333,NON
org.apache.xerces.impl.xpath.regex.RegexParser,3177,50,1,1,15,106,711,2,13,3,0.84981685,0.076923077,0,0.0,0.194285714,0,0,61.76,55,2.48,1,0.0025180988353792,NAN
org.apache.xerces.impl.dv.xs.AbstractStringValidator,1123,14,2,6,15,44,81,6,9,6,0.964102564,0.333333333,0,0.47826087,0.295918367,1,1,78.14285714,2,0.9286,1,0.0008904719501335,NAN
org.apache.xerces.dom.DeferredProcessingInstructionImpl,40,3,3,0,4,8,0,1,4,1,0.75,0.5,0,0.960784314,0.5555555560000001,2,7,11.66666667,1,0.6667,1,0.05,IL
org.apache.xerces.impl.xs.identity.ValueStore,2,2,1,0,6,2,1,4,3,2,2.0,0.0,0,0.0,0.625,0,0,0.0,1,1.0,1,1.5,NAN
org.apache.xerces.parsers.DTDXSParserConfiguration,82,6,4,0,13,16,13,2,11,4,0.9,1.0,1,0.954545455,0.5,2,2,12.33333333,2,0.5,1,0.0121951219512195,NAN
org.apache.xerces.impl.dv.xs.DatatypeValidator,26,7,1,0,52,7,21,49,3,7,1.166666667,0.0,0,0.0,0.3928571429999999,0,0,0.0,1,1.0,1,0.0384615384615384,NAN
org.apache.xerces.impl.xs.XSGrammarResolver,108,6,1,0,6,16,0,5,1,6,0.0,1.0,1,0.0,0.5555555560000001,0,0,16.66666667,4,1.8333,0,0.0,NAN
org.apache.xerces.impl.dv.xs.HexBinaryDatatypeValidator,194,7,3,0,9,20,21,2,7,4,2.0,0.0,0,0.8214285709999999,0.380952381,2,6,26.71428571,12,2.2857,1,0.0051546391752577,NAN
org.apache.xerces.xni.XMLDocumentFragmentHandler,16,16,1,0,6,16,120,0,6,16,2.0,0.0,0,0.0,0.294642857,0,0,0.0,1,1.0,1,0.0625,NAN
org.apache.xml.serialize.Encodings,183,3,1,0,3,9,1,1,2,1,1.166666667,0.333333333,1,0.0,0.5,0,0,59.0,4,1.3333,1,0.0218579234972677,NON
org.apache.xerces.dom3.as.ASNamedObjectMap,8,8,1,0,3,8,28,2,1,8,2.0,0.0,0,0.0,0.46875,0,0,0.0,1,1.0,1,0.125,NAN
org.apache.xerces.impl.xs.models.XSCMValidator,6,4,1,0,11,4,6,8,3,4,1.333333333,0.0,0,0.0,0.5625,0,0,0.0,1,1.0,1,0.5,NAN
org.apache.xerces.dom.DocumentImpl,1394,42,5,3,20,101,457,13,12,12,0.8327526129999999,0.7142857140000001,1,0.8,0.163865546,4,18,32.02380952,33,3.7381,1,0.0107604017216642,NON
org.apache.xerces.impl.dtd.XMLEntityDecl,76,4,1,0,4,5,4,4,0,4,0.333333333,0.0,0,0.0,0.666666667,0,0,16.0,1,0.75,1,0.0131578947368421,NAN
org.apache.xml.serialize.OutputFormat,598,48,1,0,12,63,912,10,2,48,0.907054871,1.0,1,0.0,0.220238095,0,0,11.0625,12,1.625,1,0.0083612040133779,NON
org.apache.xerces.impl.xs.util.HexBin,266,8,1,0,1,10,20,1,0,5,0.857142857,1.0,0,0.0,0.25,0,0,31.75,5,2.25,0,0.0,NAN
javax.xml.parsers.SAXParser,254,17,1,1,0,37,136,0,0,16,2.0,0.0,0,0.0,0.308823529,0,0,13.94117647,1,0.9412,0,0.0,NON
org.apache.xerces.impl.dv.xs.EntityDatatypeValidator,100,6,4,0,6,18,15,1,5,6,2.0,0.0,0,0.882352941,0.30952381,4,6,15.66666667,2,0.8333,1,0.01,NAN
org.apache.xerces.parsers.DOMParser,328,14,4,0,16,48,35,4,12,14,2.0,0.0,0,0.8684210529999999,0.2,1,1,22.42857143,1,0.7143,1,0.024390243902439,NON
org.apache.xerces.dom.DocumentFragmentImpl,16,4,4,0,2,6,6,1,2,4,1.333333333,0.0,0,0.975308642,0.625,2,5,2.75,1,0.5,1,0.125,NON
org.apache.xerces.dom3.as.ASElementDeclaration,20,16,1,0,7,16,120,2,5,16,1.066666667,0.0,0,0.0,0.1953125,0,0,0.0,1,1.0,1,0.05,NAN
org.apache.xerces.util.XMLChar,3198,23,1,0,16,26,181,16,0,22,0.97979798,0.0,0,0.0,0.25,0,0,137.6521739,17,3.913,1,0.0012507817385866,NAN
org.apache.xerces.impl.xs.XSMessageFormatter,86,2,1,0,2,11,0,1,1,2,0.666666667,0.666666667,0,0.0,0.625,0,0,40.5,1,0.5,1,0.0116279069767441,NAN
org.apache.xerces.impl.xs.identity.IdentityConstraint,190,12,1,2,21,20,42,21,2,10,0.939393939,0.666666667,2,0.0,0.214285714,1,1,14.08333333,7,1.75,1,0.0263157894736842,NAN
org.apache.xerces.impl.io.UTF8Reader,1273,13,2,0,1,25,54,1,0,10,0.791666667,0.833333333,0,0.476190476,0.3538461539999999,1,2,96.46153846,1,0.8462,1,0.00471327572663,NAN
org.apache.xerces.dom.ParentNode,975,31,3,7,16,71,227,14,5,14,0.6,0.75,3,0.632911392,0.17921147,2,21,30.32258065,17,2.5806,1,0.0123076923076923,NON
org.apache.xerces.xni.XNIException,27,4,4,2,48,6,0,48,0,4,0.333333333,1.0,0,0.944444444,0.666666667,0,0,5.5,1,0.25,1,0.074074074074074,NAN
org.apache.xerces.xni.parser.XMLDTDContentModelSource,1,1,1,0,3,1,0,2,1,1,2.0,0.0,0,0.0,1.0,0,0,0.0,1,1.0,1,1.0,NAN
org.apache.xerces.impl.dv.xs.DecimalDatatypeValidator,840,20,4,0,11,49,112,2,9,3,0.7894736840000001,1.0,0,0.64,0.195454545,3,13,40.9,5,1.45,1,0.0011904761904761,NAN
org.apache.xerces.impl.xs.XSDeclarationPool,29,6,1,0,7,12,15,2,5,6,2.0,0.0,0,0.0,1.0,0,0,3.833333333,1,0.8333,1,0.0689655172413793,NAN
org.apache.xerces.impl.dv.dtd.DatatypeValidator,22,3,1,0,14,3,3,13,1,3,1.5,0.0,0,0.0,0.666666667,0,0,0.0,1,1.0,0,0.0,NAN
org.apache.xerces.impl.xs.traversers.XSDHandler,3191,25,1,0,41,137,122,15,37,3,0.863095238,0.642857143,22,0.0,0.177777778,0,0,124.4,31,7.08,1,0.0097148229395173,NAN
org.apache.xerces.xni.XMLAttributes,24,24,1,0,17,24,276,16,1,24,2.0,0.0,0,0.0,0.441666667,0,0,0.0,1,1.0,1,0.0416666666666666,NAN
org.apache.xerces.impl.dv.xs.MonthDayDatatypeValidator,198,4,4,0,6,21,6,2,4,2,1.333333333,1.0,0,0.971830986,0.3928571429999999,1,9,48.25,1,0.5,1,0.005050505050505,NAN
org.apache.xerces.impl.XMLScanner,1804,18,1,2,14,68,0,2,12,7,0.882352941,1.0,8,0.0,0.2272727269999999,0,0,97.72222222,3,1.0556,1,0.011640798226164,NAN
org.apache.xerces.util.XMLStringBuffer,177,11,2,0,7,15,43,6,1,11,0.75,0.5,0,0.545454545,0.333333333,1,9,14.90909091,2,0.6364,1,0.0056497175141242,NAN
org.apache.xerces.impl.dv.xs.AnyURIDatatypeValidator,87,5,3,0,10,16,4,2,8,3,0.5,1.0,1,0.884615385,0.433333333,2,3,16.2,2,0.8,1,0.0114942528735632,NAN
org.apache.xerces.impl.dv.dtd.NMTOKENDatatypeValidator,39,6,2,0,6,13,15,1,5,6,2.0,0.0,0,0.428571429,0.333333333,0,0,5.5,1,0.6667,1,0.0256410256410256,NAN
org.apache.xerces.impl.xs.traversers.XSDSimpleTypeTraverser,953,7,2,0,19,40,9,4,16,0,0.611111111,1.0,1,0.625,0.30952381,0,0,134.71428569999998,67,11.8571,1,0.0104931794333683,NAN
org.apache.xerces.impl.dtd.XMLElementDecl,66,3,1,0,6,10,0,3,3,3,0.8,0.0,3,0.0,0.444444444,0,0,17.66666667,1,0.6667,1,0.0151515151515151,NAN
org.apache.xerces.xni.parser.XMLComponent,5,5,1,0,13,5,10,11,2,5,2.0,0.0,0,0.0,0.4,0,0,0.0,1,1.0,1,0.4,NAN
org.apache.xerces.xni.QName,235,10,1,0,46,16,15,46,0,10,0.055555556,0.0,0,0.0,0.375,1,1,22.1,8,2.1,1,0.0127659574468085,NAN
org.apache.xerces.impl.validation.ValidationState,159,14,1,0,9,26,21,5,4,13,0.7564102559999999,1.0,3,0.0,0.3538461539999999,0,0,9.928571429,3,1.2857,1,0.0125786163522012,NAN
org.apache.xerces.impl.xs.traversers.XSDAbstractParticleTraverser,450,6,2,2,13,23,13,2,12,0,2.0,0.0,0,0.666666667,0.481481481,1,1,74.0,18,5.3333,1,0.0111111111111111,NAN
org.apache.xerces.impl.dv.xs.XMLException,20,5,3,0,0,7,10,0,0,5,2.0,0.0,0,0.944444444,0.6,0,0,3.0,1,0.2,1,0.05,NAN
org.apache.xerces.dom3.as.ElementEditAS,13,13,1,0,1,13,78,0,1,13,2.0,0.0,0,0.0,0.403846154,0,0,0.0,1,1.0,1,0.0769230769230769,NAN
org.apache.xerces.parsers.XMLDocumentParser,29,4,3,0,5,8,6,0,5,4,2.0,0.0,0,1.0,0.5,0,0,6.25,0,0.0,1,0.1034482758620689,NAN
org.apache.xerces.impl.dv.xs.AnySimpleType,82,6,2,0,12,19,15,6,6,6,2.0,0.0,0,0.7333333329999999,0.30952381,1,1,12.66666667,2,0.8333,1,0.0121951219512195,NAN
org.apache.xerces.dom3.ls.DOMBuilderFilter,3,3,1,0,1,3,3,1,0,3,2.0,0.0,0,0.0,0.833333333,0,0,0.0,1,1.0,0,0.0,NAN
org.apache.xerces.dom.DeferredCommentImpl,33,3,4,0,4,7,0,1,4,1,0.75,0.5,0,0.966101695,0.5555555560000001,2,7,9.333333333,1,0.6667,1,0.0303030303030303,IL
org.apache.xerces.xni.parser.XMLPullParserConfiguration,2,2,1,0,5,2,1,1,4,2,2.0,0.0,0,0.0,0.666666667,0,0,0.0,1,1.0,1,0.5,NAN
org.apache.xerces.impl.xs.identity.Field,47,7,1,0,14,10,1,11,6,7,0.666666667,1.0,2,0.0,0.314285714,0,0,5.285714286,1,0.8571,1,0.1914893617021276,NAN
org.apache.xerces.impl.xs.XSTypeDecl,4,2,1,0,16,2,1,16,0,2,2.0,0.0,0,0.0,1.0,0,0,0.0,1,1.0,0,0.0,NAN
org.apache.xerces.parsers.BasicParserConfiguration,323,21,2,1,14,46,162,1,13,15,0.985714286,1.0,4,0.307692308,0.12585034,2,7,13.71428571,2,0.9048,1,0.0061919504643962,NAN
org.apache.xerces.impl.dv.dtd.InvalidDatatypeFacetException,21,4,4,0,10,7,6,10,0,4,2.0,0.0,0,1.0,0.666666667,0,0,4.25,0,0.0,0,0.0,NAN
org.apache.xerces.dom3.as.NodeEditAS,9,5,1,0,4,5,10,3,1,5,1.25,0.0,0,0.0,0.55,0,0,0.0,1,1.0,1,0.1111111111111111,NAN
org.apache.xerces.dom.EntityReferenceImpl,64,10,4,1,3,20,43,2,2,9,1.0,0.5,0,0.897727273,0.325,2,8,5.2,2,1.0,1,0.078125,NON
org.apache.xerces.jaxp.DocumentBuilderImpl,190,10,2,0,5,32,21,1,4,7,0.916666667,0.625,3,0.608695652,0.2666666669999999,1,1,17.2,2,1.0,1,0.0421052631578947,NON
org.apache.xerces.parsers.AbstractXMLDocumentParser,115,42,2,3,13,47,855,3,10,40,0.951219512,1.0,0,0.046511628,0.206349206,1,1,1.714285714,1,0.9762,1,0.017391304347826,NAN
org.apache.xerces.dom3.as.DOMImplementationAS,3,3,1,0,3,3,3,0,3,3,2.0,0.0,0,0.0,0.666666667,0,0,0.0,1,1.0,1,0.6666666666666666,NAN
org.apache.xerces.dom3.as.DocumentAS,10,10,1,0,4,10,45,0,4,10,2.0,0.0,0,0.0,0.5,0,0,0.0,1,1.0,1,0.1,NAN
org.apache.xerces.dom.ElementDefinitionImpl,52,5,4,1,7,13,2,4,4,5,0.833333333,0.666666667,1,0.951807229,0.4,2,6,8.8,2,1.2,1,0.0192307692307692,NON
org.apache.xerces.impl.xs.XSParticleDecl,350,10,1,0,16,17,0,16,0,5,0.807407407,0.066666667,0,0.0,0.55,0,0,32.5,8,3.7,1,0.02,NAN
org.apache.xerces.impl.xpath.regex.REUtil,867,17,1,0,8,54,134,7,3,5,0.9375,0.0,1,0.0,0.2125,0,0,49.88235294,19,4.7059,1,0.0023068050749711,NAN
org.apache.xerces.dom.ElementNSImpl,196,6,3,1,3,21,3,2,2,4,0.9,0.5,0,0.947368421,0.611111111,3,3,31.0,3,1.3333,1,0.086734693877551,NON
org.apache.xerces.dom3.ls.DOMInputSource,14,14,1,0,6,14,91,6,0,14,2.0,0.0,0,0.0,0.375,0,0,0.0,1,1.0,0,0.0,NAN
org.apache.xerces.dom.NotationImpl,80,7,2,1,4,12,15,3,2,7,0.916666667,0.75,0,0.88,0.523809524,1,4,9.857142857,3,1.8571,1,0.05,NON
org.apache.xerces.impl.dv.dtd.ListDatatypeValidator,568,12,2,0,9,39,20,2,7,10,0.626262626,0.8888888890000001,1,0.230769231,0.2738095239999999,0,0,45.58333333,2,1.0,1,0.0035211267605633,NAN
org.apache.xerces.impl.xs.models.XSSimpleCM,246,6,1,0,7,12,0,1,6,6,0.7666666670000001,1.0,2,0.0,0.416666667,0,0,39.0,13,3.5,1,0.0040650406504065,NAN
org.apache.xerces.impl.dtd.models.CMStateSet,517,12,1,0,10,18,0,10,0,11,0.054545455,0.0,0,0.0,0.416666667,1,1,41.66666667,7,3.75,1,0.0038684719535783,NAN
org.apache.xerces.impl.dv.xs.Base64BinaryDatatypeValidator,149,6,3,0,8,19,15,2,6,3,2.0,0.0,0,0.851851852,0.416666667,1,3,23.83333333,12,2.5,1,0.0067114093959731,NAN
